:START_ID,:END_ID,:TYPE
115964116992,120259084288,PARAMETER_LINK
115964116993,120259084289,PARAMETER_LINK
115964116994,120259084290,PARAMETER_LINK
115964116995,120259084291,PARAMETER_LINK
115964116996,120259084292,PARAMETER_LINK
115964116997,120259084293,PARAMETER_LINK
115964116998,120259084294,PARAMETER_LINK
115964116999,120259084295,PARAMETER_LINK
115964117000,120259084296,PARAMETER_LINK
115964117001,120259084297,PARAMETER_LINK
115964117002,120259084298,PARAMETER_LINK
115964117003,120259084299,PARAMETER_LINK
115964117004,120259084300,PARAMETER_LINK
115964117005,120259084301,PARAMETER_LINK
115964117006,120259084302,PARAMETER_LINK
115964117007,120259084303,PARAMETER_LINK
115964117008,120259084304,PARAMETER_LINK
115964117009,120259084305,PARAMETER_LINK
115964117010,120259084306,PARAMETER_LINK
115964117011,120259084307,PARAMETER_LINK
115964117012,120259084308,PARAMETER_LINK
115964117013,120259084309,PARAMETER_LINK
115964117014,120259084310,PARAMETER_LINK
115964117015,120259084311,PARAMETER_LINK
115964117016,120259084312,PARAMETER_LINK
115964117017,120259084313,PARAMETER_LINK
115964117018,120259084314,PARAMETER_LINK
115964117019,120259084315,PARAMETER_LINK
115964117020,120259084316,PARAMETER_LINK
115964117021,120259084317,PARAMETER_LINK
115964117022,120259084318,PARAMETER_LINK
115964117023,120259084319,PARAMETER_LINK
115964117024,120259084320,PARAMETER_LINK
115964117025,120259084321,PARAMETER_LINK
115964117026,120259084322,PARAMETER_LINK
115964117027,120259084323,PARAMETER_LINK
115964117028,120259084324,PARAMETER_LINK
115964117029,120259084325,PARAMETER_LINK
115964117030,120259084326,PARAMETER_LINK
115964117031,120259084327,PARAMETER_LINK
115964117032,120259084328,PARAMETER_LINK
115964117033,120259084329,PARAMETER_LINK
115964117034,120259084330,PARAMETER_LINK
115964117035,120259084331,PARAMETER_LINK
115964117036,120259084332,PARAMETER_LINK
115964117037,120259084333,PARAMETER_LINK
115964117038,120259084334,PARAMETER_LINK
115964117039,120259084335,PARAMETER_LINK
115964117040,120259084336,PARAMETER_LINK
115964117041,120259084337,PARAMETER_LINK
115964117042,120259084338,PARAMETER_LINK
115964117043,120259084339,PARAMETER_LINK
115964117044,120259084340,PARAMETER_LINK
115964117045,120259084341,PARAMETER_LINK
115964117046,120259084342,PARAMETER_LINK
115964117047,120259084343,PARAMETER_LINK
115964117048,120259084344,PARAMETER_LINK
115964117049,120259084345,PARAMETER_LINK
115964117050,120259084346,PARAMETER_LINK
115964117051,120259084347,PARAMETER_LINK
115964117052,120259084348,PARAMETER_LINK
115964117053,120259084349,PARAMETER_LINK
115964117054,120259084350,PARAMETER_LINK
115964117055,120259084351,PARAMETER_LINK
115964117056,120259084352,PARAMETER_LINK
115964117057,120259084353,PARAMETER_LINK
115964117058,120259084354,PARAMETER_LINK
115964117059,120259084355,PARAMETER_LINK
115964117060,120259084356,PARAMETER_LINK
115964117061,120259084357,PARAMETER_LINK
115964117062,120259084358,PARAMETER_LINK
115964117063,120259084359,PARAMETER_LINK
115964117064,120259084360,PARAMETER_LINK
115964117065,120259084361,PARAMETER_LINK
115964117066,120259084362,PARAMETER_LINK
115964117067,120259084363,PARAMETER_LINK
115964117068,120259084364,PARAMETER_LINK
115964117069,120259084365,PARAMETER_LINK
115964117070,120259084366,PARAMETER_LINK
115964117071,120259084367,PARAMETER_LINK
115964117072,120259084368,PARAMETER_LINK
115964117073,120259084369,PARAMETER_LINK
115964117074,120259084370,PARAMETER_LINK
115964117075,120259084371,PARAMETER_LINK
115964117076,120259084372,PARAMETER_LINK
115964117077,120259084373,PARAMETER_LINK
115964117078,120259084374,PARAMETER_LINK
115964117079,120259084375,PARAMETER_LINK
115964117080,120259084376,PARAMETER_LINK
115964117081,120259084377,PARAMETER_LINK
115964117082,120259084378,PARAMETER_LINK
115964117083,120259084379,PARAMETER_LINK
115964117084,120259084380,PARAMETER_LINK
115964117085,120259084381,PARAMETER_LINK
115964117086,120259084382,PARAMETER_LINK
115964117087,120259084383,PARAMETER_LINK
115964117088,120259084384,PARAMETER_LINK
115964117089,120259084385,PARAMETER_LINK
115964117090,120259084386,PARAMETER_LINK
115964117091,120259084387,PARAMETER_LINK
115964117092,120259084388,PARAMETER_LINK
115964117093,120259084389,PARAMETER_LINK
115964117094,120259084390,PARAMETER_LINK
115964117095,120259084391,PARAMETER_LINK
115964117096,120259084392,PARAMETER_LINK
115964117097,120259084393,PARAMETER_LINK
115964117098,120259084394,PARAMETER_LINK
115964117099,120259084395,PARAMETER_LINK
115964117100,120259084396,PARAMETER_LINK
115964117101,120259084397,PARAMETER_LINK
115964117102,120259084398,PARAMETER_LINK
115964117103,120259084399,PARAMETER_LINK
115964117104,120259084400,PARAMETER_LINK
115964117105,120259084401,PARAMETER_LINK
115964117106,120259084402,PARAMETER_LINK
115964117107,120259084403,PARAMETER_LINK
115964117108,120259084404,PARAMETER_LINK
115964117109,120259084405,PARAMETER_LINK
115964117110,120259084406,PARAMETER_LINK
115964117111,120259084407,PARAMETER_LINK
115964117112,120259084408,PARAMETER_LINK
115964117113,120259084409,PARAMETER_LINK
115964117114,120259084410,PARAMETER_LINK
115964117115,120259084411,PARAMETER_LINK
115964117116,120259084412,PARAMETER_LINK
115964117117,120259084413,PARAMETER_LINK
115964117118,120259084414,PARAMETER_LINK
115964117119,120259084415,PARAMETER_LINK
115964117120,120259084416,PARAMETER_LINK
115964117121,120259084417,PARAMETER_LINK
115964117122,120259084418,PARAMETER_LINK
115964117123,120259084419,PARAMETER_LINK
115964117124,120259084420,PARAMETER_LINK
115964117125,120259084421,PARAMETER_LINK
115964117126,120259084422,PARAMETER_LINK
115964117127,120259084423,PARAMETER_LINK
115964117128,120259084424,PARAMETER_LINK
115964117129,120259084425,PARAMETER_LINK
115964117130,120259084426,PARAMETER_LINK
115964117131,120259084427,PARAMETER_LINK
115964117132,120259084428,PARAMETER_LINK
115964117133,120259084429,PARAMETER_LINK
115964117134,120259084430,PARAMETER_LINK
115964117135,120259084431,PARAMETER_LINK
115964117136,120259084432,PARAMETER_LINK
115964117137,120259084433,PARAMETER_LINK
115964117138,120259084434,PARAMETER_LINK
115964117139,120259084435,PARAMETER_LINK
115964117140,120259084436,PARAMETER_LINK
115964117141,120259084437,PARAMETER_LINK
115964117142,120259084438,PARAMETER_LINK
115964117143,120259084439,PARAMETER_LINK
115964117144,120259084440,PARAMETER_LINK
115964117145,120259084441,PARAMETER_LINK
115964117146,120259084442,PARAMETER_LINK
115964117147,120259084443,PARAMETER_LINK
115964117148,120259084444,PARAMETER_LINK
115964117149,120259084445,PARAMETER_LINK
115964117150,120259084446,PARAMETER_LINK
115964117151,120259084447,PARAMETER_LINK
115964117152,120259084448,PARAMETER_LINK
115964117153,120259084449,PARAMETER_LINK
115964117154,120259084450,PARAMETER_LINK
115964117155,120259084451,PARAMETER_LINK
115964117156,120259084452,PARAMETER_LINK
115964117157,120259084453,PARAMETER_LINK
115964117158,120259084454,PARAMETER_LINK
115964117159,120259084455,PARAMETER_LINK
115964117160,120259084456,PARAMETER_LINK
115964117161,120259084457,PARAMETER_LINK
115964117162,120259084458,PARAMETER_LINK
115964117163,120259084459,PARAMETER_LINK
115964117164,120259084460,PARAMETER_LINK
115964117165,120259084461,PARAMETER_LINK
115964117166,120259084462,PARAMETER_LINK
115964117167,120259084463,PARAMETER_LINK
115964117168,120259084464,PARAMETER_LINK
115964117169,120259084465,PARAMETER_LINK
115964117170,120259084466,PARAMETER_LINK
115964117171,120259084467,PARAMETER_LINK
115964117172,120259084468,PARAMETER_LINK
115964117173,120259084469,PARAMETER_LINK
115964117174,120259084470,PARAMETER_LINK
115964117175,120259084471,PARAMETER_LINK
115964117176,120259084472,PARAMETER_LINK
115964117177,120259084473,PARAMETER_LINK
115964117178,120259084474,PARAMETER_LINK
115964117179,120259084475,PARAMETER_LINK
115964117180,120259084476,PARAMETER_LINK
115964117181,120259084477,PARAMETER_LINK
115964117182,120259084478,PARAMETER_LINK
115964117183,120259084479,PARAMETER_LINK
115964117184,120259084480,PARAMETER_LINK
115964117185,120259084481,PARAMETER_LINK
115964117186,120259084482,PARAMETER_LINK
115964117187,120259084483,PARAMETER_LINK
115964117188,120259084484,PARAMETER_LINK
115964117189,120259084485,PARAMETER_LINK
115964117190,120259084486,PARAMETER_LINK
115964117191,120259084487,PARAMETER_LINK
115964117192,120259084488,PARAMETER_LINK
115964117193,120259084489,PARAMETER_LINK
115964117194,120259084490,PARAMETER_LINK
115964117195,120259084491,PARAMETER_LINK
115964117196,120259084492,PARAMETER_LINK
115964117197,120259084493,PARAMETER_LINK
115964117198,120259084494,PARAMETER_LINK
115964117199,120259084495,PARAMETER_LINK
115964117200,120259084496,PARAMETER_LINK
115964117201,120259084497,PARAMETER_LINK
115964117202,120259084498,PARAMETER_LINK
115964117203,120259084499,PARAMETER_LINK
115964117204,120259084500,PARAMETER_LINK
115964117205,120259084501,PARAMETER_LINK
115964117206,120259084502,PARAMETER_LINK
115964117207,120259084503,PARAMETER_LINK
115964117208,120259084504,PARAMETER_LINK
115964117209,120259084505,PARAMETER_LINK
115964117210,120259084506,PARAMETER_LINK
115964117211,120259084507,PARAMETER_LINK
115964117212,120259084508,PARAMETER_LINK
115964117213,120259084509,PARAMETER_LINK
115964117214,120259084510,PARAMETER_LINK
115964117215,120259084511,PARAMETER_LINK
115964117216,120259084512,PARAMETER_LINK
115964117217,120259084513,PARAMETER_LINK
115964117218,120259084514,PARAMETER_LINK
115964117219,120259084515,PARAMETER_LINK
115964117220,120259084516,PARAMETER_LINK
115964117221,120259084517,PARAMETER_LINK
115964117222,120259084518,PARAMETER_LINK
115964117223,120259084519,PARAMETER_LINK
115964117224,120259084520,PARAMETER_LINK
115964117225,120259084521,PARAMETER_LINK
115964117226,120259084522,PARAMETER_LINK
115964117227,120259084523,PARAMETER_LINK
115964117228,120259084524,PARAMETER_LINK
115964117229,120259084525,PARAMETER_LINK
115964117230,120259084526,PARAMETER_LINK
115964117231,120259084527,PARAMETER_LINK
115964117232,120259084528,PARAMETER_LINK
115964117233,120259084529,PARAMETER_LINK
115964117234,120259084530,PARAMETER_LINK
115964117235,120259084531,PARAMETER_LINK
115964117236,120259084532,PARAMETER_LINK
115964117237,120259084533,PARAMETER_LINK
115964117238,120259084534,PARAMETER_LINK
115964117239,120259084535,PARAMETER_LINK
115964117240,120259084536,PARAMETER_LINK
115964117241,120259084537,PARAMETER_LINK
115964117242,120259084538,PARAMETER_LINK
115964117243,120259084539,PARAMETER_LINK
115964117244,120259084540,PARAMETER_LINK
115964117245,120259084541,PARAMETER_LINK
115964117246,120259084542,PARAMETER_LINK
115964117247,120259084543,PARAMETER_LINK
115964117248,120259084544,PARAMETER_LINK
115964117249,120259084545,PARAMETER_LINK
115964117250,120259084546,PARAMETER_LINK
115964117251,120259084547,PARAMETER_LINK
115964117252,120259084548,PARAMETER_LINK
115964117253,120259084549,PARAMETER_LINK
115964117254,120259084550,PARAMETER_LINK
115964117255,120259084551,PARAMETER_LINK
115964117256,120259084552,PARAMETER_LINK
115964117257,120259084553,PARAMETER_LINK
115964117258,120259084554,PARAMETER_LINK
115964117259,120259084555,PARAMETER_LINK
115964117260,120259084556,PARAMETER_LINK
115964117261,120259084557,PARAMETER_LINK
115964117262,120259084558,PARAMETER_LINK
115964117263,120259084559,PARAMETER_LINK
115964117264,120259084560,PARAMETER_LINK
115964117265,120259084561,PARAMETER_LINK
115964117266,120259084562,PARAMETER_LINK
115964117267,120259084563,PARAMETER_LINK
115964117268,120259084564,PARAMETER_LINK
115964117269,120259084565,PARAMETER_LINK
115964117270,120259084566,PARAMETER_LINK
115964117271,120259084567,PARAMETER_LINK
115964117272,120259084568,PARAMETER_LINK
115964117273,120259084569,PARAMETER_LINK
115964117274,120259084570,PARAMETER_LINK
115964117275,120259084571,PARAMETER_LINK
115964117276,120259084572,PARAMETER_LINK
115964117277,120259084573,PARAMETER_LINK
115964117278,120259084574,PARAMETER_LINK
115964117279,120259084575,PARAMETER_LINK
115964117280,120259084576,PARAMETER_LINK
115964117281,120259084577,PARAMETER_LINK
115964117282,120259084578,PARAMETER_LINK
115964117283,120259084579,PARAMETER_LINK
115964117284,120259084580,PARAMETER_LINK
115964117285,120259084581,PARAMETER_LINK
115964117286,120259084582,PARAMETER_LINK
115964117287,120259084583,PARAMETER_LINK
115964117288,120259084584,PARAMETER_LINK
115964117289,120259084585,PARAMETER_LINK
115964117290,120259084586,PARAMETER_LINK
115964117291,120259084587,PARAMETER_LINK
115964117292,120259084588,PARAMETER_LINK
115964117293,120259084589,PARAMETER_LINK
115964117294,120259084590,PARAMETER_LINK
115964117295,120259084591,PARAMETER_LINK
115964117296,120259084592,PARAMETER_LINK
115964117297,120259084593,PARAMETER_LINK
115964117298,120259084594,PARAMETER_LINK
115964117299,120259084595,PARAMETER_LINK
115964117300,120259084596,PARAMETER_LINK
115964117301,120259084597,PARAMETER_LINK
115964117302,120259084598,PARAMETER_LINK
115964117303,120259084599,PARAMETER_LINK
115964117304,120259084600,PARAMETER_LINK
115964117305,120259084601,PARAMETER_LINK
115964117306,120259084602,PARAMETER_LINK
115964117307,120259084603,PARAMETER_LINK
115964117308,120259084604,PARAMETER_LINK
115964117309,120259084605,PARAMETER_LINK
115964117310,120259084606,PARAMETER_LINK
115964117311,120259084607,PARAMETER_LINK
115964117312,120259084608,PARAMETER_LINK
115964117313,120259084609,PARAMETER_LINK
115964117314,120259084610,PARAMETER_LINK
115964117315,120259084611,PARAMETER_LINK
115964117316,120259084612,PARAMETER_LINK
115964117317,120259084613,PARAMETER_LINK
115964117318,120259084614,PARAMETER_LINK
115964117319,120259084615,PARAMETER_LINK
115964117320,120259084616,PARAMETER_LINK
115964117321,120259084617,PARAMETER_LINK
115964117322,120259084618,PARAMETER_LINK
115964117323,120259084619,PARAMETER_LINK
115964117324,120259084620,PARAMETER_LINK
115964117325,120259084621,PARAMETER_LINK
115964117326,120259084622,PARAMETER_LINK
115964117327,120259084623,PARAMETER_LINK
115964117328,120259084624,PARAMETER_LINK
115964117329,120259084625,PARAMETER_LINK
115964117330,120259084626,PARAMETER_LINK
115964117331,120259084627,PARAMETER_LINK
115964117332,120259084628,PARAMETER_LINK
115964117333,120259084629,PARAMETER_LINK
115964117334,120259084630,PARAMETER_LINK
115964117335,120259084631,PARAMETER_LINK
115964117336,120259084632,PARAMETER_LINK
115964117337,120259084633,PARAMETER_LINK
115964117338,120259084634,PARAMETER_LINK
115964117339,120259084635,PARAMETER_LINK
115964117340,120259084636,PARAMETER_LINK
115964117341,120259084637,PARAMETER_LINK
115964117342,120259084638,PARAMETER_LINK
115964117343,120259084639,PARAMETER_LINK
115964117344,120259084640,PARAMETER_LINK
115964117345,120259084641,PARAMETER_LINK
115964117346,120259084642,PARAMETER_LINK
115964117347,120259084643,PARAMETER_LINK
115964117348,120259084644,PARAMETER_LINK
115964117349,120259084645,PARAMETER_LINK
115964117350,120259084646,PARAMETER_LINK
115964117351,120259084647,PARAMETER_LINK
115964117352,120259084648,PARAMETER_LINK
115964117353,120259084649,PARAMETER_LINK
115964117354,120259084650,PARAMETER_LINK
115964117355,120259084651,PARAMETER_LINK
115964117356,120259084652,PARAMETER_LINK
115964117357,120259084653,PARAMETER_LINK
115964117358,120259084654,PARAMETER_LINK
115964117359,120259084655,PARAMETER_LINK
115964117360,120259084656,PARAMETER_LINK
115964117361,120259084657,PARAMETER_LINK
115964117362,120259084658,PARAMETER_LINK
115964117363,120259084659,PARAMETER_LINK
115964117364,120259084660,PARAMETER_LINK
115964117365,120259084661,PARAMETER_LINK
115964117366,120259084662,PARAMETER_LINK
115964117367,120259084663,PARAMETER_LINK
115964117368,120259084664,PARAMETER_LINK
115964117369,120259084665,PARAMETER_LINK
115964117370,120259084666,PARAMETER_LINK
115964117371,120259084667,PARAMETER_LINK
115964117372,120259084668,PARAMETER_LINK
115964117373,120259084669,PARAMETER_LINK
115964117374,120259084670,PARAMETER_LINK
115964117375,120259084671,PARAMETER_LINK
115964117376,120259084672,PARAMETER_LINK
115964117377,120259084673,PARAMETER_LINK
115964117378,120259084674,PARAMETER_LINK
115964117379,120259084675,PARAMETER_LINK
115964117380,120259084676,PARAMETER_LINK
115964117381,120259084677,PARAMETER_LINK
115964117382,120259084678,PARAMETER_LINK
115964117383,120259084679,PARAMETER_LINK
115964117384,120259084680,PARAMETER_LINK
115964117385,120259084681,PARAMETER_LINK
115964117386,120259084682,PARAMETER_LINK
115964117387,120259084683,PARAMETER_LINK
115964117388,120259084684,PARAMETER_LINK
115964117389,120259084685,PARAMETER_LINK
115964117390,120259084686,PARAMETER_LINK
115964117391,120259084687,PARAMETER_LINK
115964117392,120259084688,PARAMETER_LINK
115964117393,120259084689,PARAMETER_LINK
115964117394,120259084690,PARAMETER_LINK
115964117395,120259084691,PARAMETER_LINK
115964117396,120259084692,PARAMETER_LINK
115964117397,120259084693,PARAMETER_LINK
115964117398,120259084694,PARAMETER_LINK
115964117399,120259084695,PARAMETER_LINK
115964117400,120259084696,PARAMETER_LINK
115964117401,120259084697,PARAMETER_LINK
115964117402,120259084698,PARAMETER_LINK
115964117403,120259084699,PARAMETER_LINK
115964117404,120259084700,PARAMETER_LINK
115964117405,120259084701,PARAMETER_LINK
115964117406,120259084702,PARAMETER_LINK
115964117407,120259084703,PARAMETER_LINK
115964117408,120259084704,PARAMETER_LINK
115964117409,120259084705,PARAMETER_LINK
115964117410,120259084706,PARAMETER_LINK
115964117411,120259084707,PARAMETER_LINK
115964117412,120259084708,PARAMETER_LINK
115964117413,120259084709,PARAMETER_LINK
115964117414,120259084710,PARAMETER_LINK
115964117415,120259084711,PARAMETER_LINK
115964117416,120259084712,PARAMETER_LINK
115964117417,120259084713,PARAMETER_LINK
115964117418,120259084714,PARAMETER_LINK
115964117419,120259084715,PARAMETER_LINK
115964117420,120259084716,PARAMETER_LINK
115964117421,120259084717,PARAMETER_LINK
115964117422,120259084718,PARAMETER_LINK
115964117423,120259084719,PARAMETER_LINK
115964117424,120259084720,PARAMETER_LINK
115964117425,120259084721,PARAMETER_LINK
115964117426,120259084722,PARAMETER_LINK
115964117427,120259084723,PARAMETER_LINK
115964117428,120259084724,PARAMETER_LINK
115964117429,120259084725,PARAMETER_LINK
115964117430,120259084726,PARAMETER_LINK
115964117431,120259084727,PARAMETER_LINK
115964117432,120259084728,PARAMETER_LINK
115964117433,120259084729,PARAMETER_LINK
115964117434,120259084730,PARAMETER_LINK
115964117435,120259084731,PARAMETER_LINK
115964117436,120259084732,PARAMETER_LINK
115964117437,120259084733,PARAMETER_LINK
115964117438,120259084734,PARAMETER_LINK
115964117439,120259084735,PARAMETER_LINK
115964117440,120259084736,PARAMETER_LINK
115964117441,120259084737,PARAMETER_LINK
115964117442,120259084738,PARAMETER_LINK
115964117443,120259084739,PARAMETER_LINK
115964117444,120259084740,PARAMETER_LINK
115964117445,120259084741,PARAMETER_LINK
115964117446,120259084742,PARAMETER_LINK
115964117447,120259084743,PARAMETER_LINK
115964117448,120259084744,PARAMETER_LINK
115964117449,120259084745,PARAMETER_LINK
115964117450,120259084746,PARAMETER_LINK
115964117451,120259084747,PARAMETER_LINK
115964117452,120259084748,PARAMETER_LINK
115964117453,120259084749,PARAMETER_LINK
115964117454,120259084750,PARAMETER_LINK
115964117455,120259084751,PARAMETER_LINK
115964117456,120259084752,PARAMETER_LINK
115964117457,120259084753,PARAMETER_LINK
115964117458,120259084754,PARAMETER_LINK
115964117459,120259084755,PARAMETER_LINK
115964117460,120259084756,PARAMETER_LINK
115964117461,120259084757,PARAMETER_LINK
115964117462,120259084758,PARAMETER_LINK
115964117463,120259084759,PARAMETER_LINK
115964117464,120259084760,PARAMETER_LINK
115964117465,120259084761,PARAMETER_LINK
115964117466,120259084762,PARAMETER_LINK
115964117467,120259084763,PARAMETER_LINK
115964117468,120259084764,PARAMETER_LINK
115964117469,120259084765,PARAMETER_LINK
115964117470,120259084766,PARAMETER_LINK
115964117471,120259084767,PARAMETER_LINK
115964117472,120259084768,PARAMETER_LINK
115964117473,120259084769,PARAMETER_LINK
115964117474,120259084770,PARAMETER_LINK
115964117475,120259084771,PARAMETER_LINK
115964117476,120259084772,PARAMETER_LINK
115964117477,120259084773,PARAMETER_LINK
115964117478,120259084774,PARAMETER_LINK
115964117479,120259084775,PARAMETER_LINK
115964117480,120259084776,PARAMETER_LINK
115964117481,120259084777,PARAMETER_LINK
115964117482,120259084778,PARAMETER_LINK
115964117483,120259084779,PARAMETER_LINK
115964117484,120259084780,PARAMETER_LINK
115964117485,120259084781,PARAMETER_LINK
115964117486,120259084782,PARAMETER_LINK
115964117487,120259084783,PARAMETER_LINK
115964117488,120259084784,PARAMETER_LINK
115964117489,120259084785,PARAMETER_LINK
115964117490,120259084786,PARAMETER_LINK
115964117491,120259084787,PARAMETER_LINK
115964117492,120259084788,PARAMETER_LINK
115964117493,120259084789,PARAMETER_LINK
115964117494,120259084790,PARAMETER_LINK
115964117495,120259084791,PARAMETER_LINK
115964117496,120259084792,PARAMETER_LINK
115964117497,120259084793,PARAMETER_LINK
115964117498,120259084794,PARAMETER_LINK
115964117499,120259084795,PARAMETER_LINK
115964117500,120259084796,PARAMETER_LINK
115964117501,120259084797,PARAMETER_LINK
115964117502,120259084798,PARAMETER_LINK
115964117503,120259084799,PARAMETER_LINK
115964117504,120259084800,PARAMETER_LINK
115964117505,120259084801,PARAMETER_LINK
115964117506,120259084802,PARAMETER_LINK
115964117507,120259084803,PARAMETER_LINK
115964117508,120259084804,PARAMETER_LINK
115964117509,120259084805,PARAMETER_LINK
115964117510,120259084806,PARAMETER_LINK
115964117511,120259084807,PARAMETER_LINK
115964117512,120259084808,PARAMETER_LINK
115964117513,120259084809,PARAMETER_LINK
115964117514,120259084810,PARAMETER_LINK
115964117515,120259084811,PARAMETER_LINK
115964117516,120259084812,PARAMETER_LINK
115964117517,120259084813,PARAMETER_LINK
115964117518,120259084814,PARAMETER_LINK
115964117519,120259084815,PARAMETER_LINK
115964117520,120259084816,PARAMETER_LINK
115964117521,120259084817,PARAMETER_LINK
115964117522,120259084818,PARAMETER_LINK
115964117523,120259084819,PARAMETER_LINK
115964117524,120259084820,PARAMETER_LINK
115964117525,120259084821,PARAMETER_LINK
115964117526,120259084822,PARAMETER_LINK
115964117527,120259084823,PARAMETER_LINK
115964117528,120259084824,PARAMETER_LINK
115964117529,120259084825,PARAMETER_LINK
115964117530,120259084826,PARAMETER_LINK
115964117531,120259084827,PARAMETER_LINK
115964117532,120259084828,PARAMETER_LINK
115964117533,120259084829,PARAMETER_LINK
115964117534,120259084830,PARAMETER_LINK
115964117535,120259084831,PARAMETER_LINK
115964117536,120259084832,PARAMETER_LINK
115964117537,120259084833,PARAMETER_LINK
115964117538,120259084834,PARAMETER_LINK
115964117539,120259084835,PARAMETER_LINK
115964117540,120259084836,PARAMETER_LINK
115964117541,120259084837,PARAMETER_LINK
115964117542,120259084838,PARAMETER_LINK
115964117543,120259084839,PARAMETER_LINK
115964117544,120259084840,PARAMETER_LINK
115964117545,120259084841,PARAMETER_LINK
115964117546,120259084842,PARAMETER_LINK
115964117547,120259084843,PARAMETER_LINK
115964117548,120259084844,PARAMETER_LINK
115964117549,120259084845,PARAMETER_LINK
115964117550,120259084846,PARAMETER_LINK
115964117551,120259084847,PARAMETER_LINK
115964117552,120259084848,PARAMETER_LINK
115964117553,120259084849,PARAMETER_LINK
115964117554,120259084850,PARAMETER_LINK
115964117555,120259084851,PARAMETER_LINK
115964117556,120259084852,PARAMETER_LINK
115964117557,120259084853,PARAMETER_LINK
115964117558,120259084854,PARAMETER_LINK
115964117559,120259084855,PARAMETER_LINK
115964117560,120259084856,PARAMETER_LINK
115964117561,120259084857,PARAMETER_LINK
115964117562,120259084858,PARAMETER_LINK
115964117563,120259084859,PARAMETER_LINK
115964117564,120259084860,PARAMETER_LINK
115964117565,120259084861,PARAMETER_LINK
115964117566,120259084862,PARAMETER_LINK
115964117567,120259084863,PARAMETER_LINK
115964117568,120259084864,PARAMETER_LINK
115964117569,120259084865,PARAMETER_LINK
115964117570,120259084866,PARAMETER_LINK
115964117571,120259084867,PARAMETER_LINK
115964117572,120259084868,PARAMETER_LINK
115964117573,120259084869,PARAMETER_LINK
115964117574,120259084870,PARAMETER_LINK
115964117575,120259084871,PARAMETER_LINK
115964117576,120259084872,PARAMETER_LINK
115964117577,120259084873,PARAMETER_LINK
115964117578,120259084874,PARAMETER_LINK
115964117579,120259084875,PARAMETER_LINK
115964117580,120259084876,PARAMETER_LINK
115964117581,120259084877,PARAMETER_LINK
115964117582,120259084878,PARAMETER_LINK
115964117583,120259084879,PARAMETER_LINK
115964117584,120259084880,PARAMETER_LINK
115964117585,120259084881,PARAMETER_LINK
115964117586,120259084882,PARAMETER_LINK
115964117587,120259084883,PARAMETER_LINK
115964117588,120259084884,PARAMETER_LINK
115964117589,120259084885,PARAMETER_LINK
115964117590,120259084886,PARAMETER_LINK
115964117591,120259084887,PARAMETER_LINK
115964117592,120259084888,PARAMETER_LINK
115964117593,120259084889,PARAMETER_LINK
115964117594,120259084890,PARAMETER_LINK
115964117595,120259084891,PARAMETER_LINK
115964117596,120259084892,PARAMETER_LINK
115964117597,120259084893,PARAMETER_LINK
115964117598,120259084894,PARAMETER_LINK
115964117599,120259084895,PARAMETER_LINK
115964117600,120259084896,PARAMETER_LINK
115964117601,120259084897,PARAMETER_LINK
115964117602,120259084898,PARAMETER_LINK
115964117603,120259084899,PARAMETER_LINK
115964117604,120259084900,PARAMETER_LINK
115964117605,120259084901,PARAMETER_LINK
115964117606,120259084902,PARAMETER_LINK
115964117607,120259084903,PARAMETER_LINK
115964117608,120259084904,PARAMETER_LINK
115964117609,120259084905,PARAMETER_LINK
115964117610,120259084906,PARAMETER_LINK
115964117611,120259084907,PARAMETER_LINK
115964117612,120259084908,PARAMETER_LINK
115964117613,120259084909,PARAMETER_LINK
115964117614,120259084910,PARAMETER_LINK
115964117615,120259084911,PARAMETER_LINK
115964117616,120259084912,PARAMETER_LINK
115964117617,120259084913,PARAMETER_LINK
115964117618,120259084914,PARAMETER_LINK
115964117619,120259084915,PARAMETER_LINK
115964117620,120259084916,PARAMETER_LINK
115964117621,120259084917,PARAMETER_LINK
115964117622,120259084918,PARAMETER_LINK
115964117623,120259084919,PARAMETER_LINK
115964117624,120259084920,PARAMETER_LINK
115964117625,120259084921,PARAMETER_LINK
115964117626,120259084922,PARAMETER_LINK
115964117627,120259084923,PARAMETER_LINK
115964117628,120259084924,PARAMETER_LINK
115964117629,120259084925,PARAMETER_LINK
115964117630,120259084926,PARAMETER_LINK
115964117631,120259084927,PARAMETER_LINK
115964117632,120259084928,PARAMETER_LINK
115964117633,120259084929,PARAMETER_LINK
115964117634,120259084930,PARAMETER_LINK
115964117635,120259084931,PARAMETER_LINK
115964117636,120259084932,PARAMETER_LINK
115964117637,120259084933,PARAMETER_LINK
115964117638,120259084934,PARAMETER_LINK
115964117639,120259084935,PARAMETER_LINK
115964117640,120259084936,PARAMETER_LINK
115964117641,120259084937,PARAMETER_LINK
115964117642,120259084938,PARAMETER_LINK
115964117643,120259084939,PARAMETER_LINK
115964117644,120259084940,PARAMETER_LINK
115964117645,120259084941,PARAMETER_LINK
115964117646,120259084942,PARAMETER_LINK
115964117647,120259084943,PARAMETER_LINK
115964117648,120259084944,PARAMETER_LINK
115964117649,120259084945,PARAMETER_LINK
115964117650,120259084946,PARAMETER_LINK
115964117651,120259084947,PARAMETER_LINK
115964117652,120259084948,PARAMETER_LINK
115964117653,120259084949,PARAMETER_LINK
115964117654,120259084950,PARAMETER_LINK
115964117655,120259084951,PARAMETER_LINK
115964117656,120259084952,PARAMETER_LINK
115964117657,120259084953,PARAMETER_LINK
115964117658,120259084954,PARAMETER_LINK
115964117659,120259084955,PARAMETER_LINK
115964117660,120259084956,PARAMETER_LINK
115964117661,120259084957,PARAMETER_LINK
115964117662,120259084958,PARAMETER_LINK
115964117663,120259084959,PARAMETER_LINK
115964117664,120259084960,PARAMETER_LINK
115964117665,120259084961,PARAMETER_LINK
115964117666,120259084962,PARAMETER_LINK
115964117667,120259084963,PARAMETER_LINK
115964117668,120259084964,PARAMETER_LINK
115964117669,120259084965,PARAMETER_LINK
115964117670,120259084966,PARAMETER_LINK
115964117671,120259084967,PARAMETER_LINK
115964117672,120259084968,PARAMETER_LINK
115964117673,120259084969,PARAMETER_LINK
115964117674,120259084970,PARAMETER_LINK
115964117675,120259084971,PARAMETER_LINK
115964117676,120259084972,PARAMETER_LINK
115964117677,120259084973,PARAMETER_LINK
115964117678,120259084974,PARAMETER_LINK
115964117679,120259084975,PARAMETER_LINK
115964117680,120259084976,PARAMETER_LINK
115964117681,120259084977,PARAMETER_LINK
115964117682,120259084978,PARAMETER_LINK
115964117683,120259084979,PARAMETER_LINK
115964117684,120259084980,PARAMETER_LINK
115964117685,120259084981,PARAMETER_LINK
115964117686,120259084982,PARAMETER_LINK
115964117687,120259084983,PARAMETER_LINK
115964117688,120259084984,PARAMETER_LINK
115964117689,120259084985,PARAMETER_LINK
115964117690,120259084986,PARAMETER_LINK
115964117691,120259084987,PARAMETER_LINK
115964117692,120259084988,PARAMETER_LINK
115964117693,120259084989,PARAMETER_LINK
115964117694,120259084990,PARAMETER_LINK
115964117695,120259084991,PARAMETER_LINK
115964117696,120259084992,PARAMETER_LINK
115964117697,120259084993,PARAMETER_LINK
115964117698,120259084994,PARAMETER_LINK
115964117699,120259084995,PARAMETER_LINK
115964117700,120259084996,PARAMETER_LINK
115964117701,120259084997,PARAMETER_LINK
115964117702,120259084998,PARAMETER_LINK
115964117703,120259084999,PARAMETER_LINK
115964117704,120259085000,PARAMETER_LINK
115964117705,120259085001,PARAMETER_LINK
115964117706,120259085002,PARAMETER_LINK
115964117707,120259085003,PARAMETER_LINK
115964117708,120259085004,PARAMETER_LINK
115964117709,120259085005,PARAMETER_LINK
115964117710,120259085006,PARAMETER_LINK
115964117711,120259085007,PARAMETER_LINK
115964117712,120259085008,PARAMETER_LINK
115964117713,120259085009,PARAMETER_LINK
115964117714,120259085010,PARAMETER_LINK
115964117715,120259085011,PARAMETER_LINK
115964117716,120259085012,PARAMETER_LINK
115964117717,120259085013,PARAMETER_LINK
115964117718,120259085014,PARAMETER_LINK
115964117719,120259085015,PARAMETER_LINK
115964117720,120259085016,PARAMETER_LINK
115964117721,120259085017,PARAMETER_LINK
115964117722,120259085018,PARAMETER_LINK
115964117723,120259085019,PARAMETER_LINK
115964117724,120259085020,PARAMETER_LINK
115964117725,120259085021,PARAMETER_LINK
115964117726,120259085022,PARAMETER_LINK
115964117727,120259085023,PARAMETER_LINK
115964117728,120259085024,PARAMETER_LINK
115964117729,120259085025,PARAMETER_LINK
115964117730,120259085026,PARAMETER_LINK
115964117731,120259085027,PARAMETER_LINK
115964117732,120259085028,PARAMETER_LINK
115964117733,120259085029,PARAMETER_LINK
115964117734,120259085030,PARAMETER_LINK
115964117735,120259085031,PARAMETER_LINK
115964117736,120259085032,PARAMETER_LINK
115964117737,120259085033,PARAMETER_LINK
115964117738,120259085034,PARAMETER_LINK
115964117739,120259085035,PARAMETER_LINK
115964117740,120259085036,PARAMETER_LINK
115964117741,120259085037,PARAMETER_LINK
115964117742,120259085038,PARAMETER_LINK
115964117743,120259085039,PARAMETER_LINK
115964117744,120259085040,PARAMETER_LINK
115964117745,120259085041,PARAMETER_LINK
115964117746,120259085042,PARAMETER_LINK
115964117747,120259085043,PARAMETER_LINK
115964117748,120259085044,PARAMETER_LINK
115964117749,120259085045,PARAMETER_LINK
115964117750,120259085046,PARAMETER_LINK
115964117751,120259085047,PARAMETER_LINK
115964117752,120259085048,PARAMETER_LINK
115964117753,120259085049,PARAMETER_LINK
115964117754,120259085050,PARAMETER_LINK
115964117755,120259085051,PARAMETER_LINK
115964117756,120259085052,PARAMETER_LINK
115964117757,120259085053,PARAMETER_LINK
115964117758,120259085054,PARAMETER_LINK
115964117759,120259085055,PARAMETER_LINK
115964117760,120259085056,PARAMETER_LINK
115964117761,120259085057,PARAMETER_LINK
115964117762,120259085058,PARAMETER_LINK
115964117763,120259085059,PARAMETER_LINK
115964117764,120259085060,PARAMETER_LINK
115964117765,120259085061,PARAMETER_LINK
115964117766,120259085062,PARAMETER_LINK
115964117767,120259085063,PARAMETER_LINK
115964117768,120259085064,PARAMETER_LINK
115964117769,120259085065,PARAMETER_LINK
115964117770,120259085066,PARAMETER_LINK
115964117771,120259085067,PARAMETER_LINK
115964117772,120259085068,PARAMETER_LINK
115964117773,120259085069,PARAMETER_LINK
115964117774,120259085070,PARAMETER_LINK
115964117775,120259085071,PARAMETER_LINK
115964117776,120259085072,PARAMETER_LINK
115964117777,120259085073,PARAMETER_LINK
115964117778,120259085074,PARAMETER_LINK
115964117779,120259085075,PARAMETER_LINK
115964117780,120259085076,PARAMETER_LINK
115964117781,120259085077,PARAMETER_LINK
115964117782,120259085078,PARAMETER_LINK
115964117783,120259085079,PARAMETER_LINK
115964117784,120259085080,PARAMETER_LINK
115964117785,120259085081,PARAMETER_LINK
115964117786,120259085082,PARAMETER_LINK
115964117787,120259085083,PARAMETER_LINK
115964117788,120259085084,PARAMETER_LINK
115964117789,120259085085,PARAMETER_LINK
115964117790,120259085086,PARAMETER_LINK
115964117791,120259085087,PARAMETER_LINK
115964117792,120259085088,PARAMETER_LINK
115964117793,120259085089,PARAMETER_LINK
115964117794,120259085090,PARAMETER_LINK
115964117795,120259085091,PARAMETER_LINK
115964117796,120259085092,PARAMETER_LINK
115964117797,120259085093,PARAMETER_LINK
115964117798,120259085094,PARAMETER_LINK
115964117799,120259085095,PARAMETER_LINK
115964117800,120259085096,PARAMETER_LINK
115964117801,120259085097,PARAMETER_LINK
115964117802,120259085098,PARAMETER_LINK
115964117803,120259085099,PARAMETER_LINK
115964117804,120259085100,PARAMETER_LINK
115964117805,120259085101,PARAMETER_LINK
115964117806,120259085102,PARAMETER_LINK
115964117807,120259085103,PARAMETER_LINK
115964117808,120259085104,PARAMETER_LINK
115964117809,120259085105,PARAMETER_LINK
115964117810,120259085106,PARAMETER_LINK
115964117811,120259085107,PARAMETER_LINK
115964117812,120259085108,PARAMETER_LINK
115964117813,120259085109,PARAMETER_LINK
115964117814,120259085110,PARAMETER_LINK
115964117815,120259085111,PARAMETER_LINK
115964117816,120259085112,PARAMETER_LINK
115964117817,120259085113,PARAMETER_LINK
115964117818,120259085114,PARAMETER_LINK
115964117819,120259085115,PARAMETER_LINK
115964117820,120259085116,PARAMETER_LINK
115964117821,120259085117,PARAMETER_LINK
115964117822,120259085118,PARAMETER_LINK
115964117823,120259085119,PARAMETER_LINK
115964117824,120259085120,PARAMETER_LINK
115964117825,120259085121,PARAMETER_LINK
115964117826,120259085122,PARAMETER_LINK
115964117827,120259085123,PARAMETER_LINK
115964117828,120259085124,PARAMETER_LINK
115964117829,120259085125,PARAMETER_LINK
115964117830,120259085126,PARAMETER_LINK
115964117831,120259085127,PARAMETER_LINK
115964117832,120259085128,PARAMETER_LINK
115964117833,120259085129,PARAMETER_LINK
115964117834,120259085130,PARAMETER_LINK
115964117835,120259085131,PARAMETER_LINK
115964117836,120259085132,PARAMETER_LINK
115964117837,120259085133,PARAMETER_LINK
115964117838,120259085134,PARAMETER_LINK
115964117839,120259085135,PARAMETER_LINK
115964117840,120259085136,PARAMETER_LINK
115964117841,120259085137,PARAMETER_LINK
115964117842,120259085138,PARAMETER_LINK
115964117843,120259085139,PARAMETER_LINK
115964117844,120259085140,PARAMETER_LINK
115964117845,120259085141,PARAMETER_LINK
115964117846,120259085142,PARAMETER_LINK
115964117847,120259085143,PARAMETER_LINK
115964117848,120259085144,PARAMETER_LINK
115964117849,120259085145,PARAMETER_LINK
115964117850,120259085146,PARAMETER_LINK
115964117851,120259085147,PARAMETER_LINK
115964117852,120259085148,PARAMETER_LINK
115964117853,120259085149,PARAMETER_LINK
115964117854,120259085150,PARAMETER_LINK
115964117855,120259085151,PARAMETER_LINK
115964117856,120259085152,PARAMETER_LINK
115964117857,120259085153,PARAMETER_LINK
115964117858,120259085154,PARAMETER_LINK
115964117859,120259085155,PARAMETER_LINK
115964117860,120259085156,PARAMETER_LINK
115964117861,120259085157,PARAMETER_LINK
115964117862,120259085158,PARAMETER_LINK
115964117863,120259085159,PARAMETER_LINK
115964117864,120259085160,PARAMETER_LINK
115964117865,120259085161,PARAMETER_LINK
115964117866,120259085162,PARAMETER_LINK
115964117867,120259085163,PARAMETER_LINK
115964117868,120259085164,PARAMETER_LINK
115964117869,120259085165,PARAMETER_LINK
115964117870,120259085166,PARAMETER_LINK
115964117871,120259085167,PARAMETER_LINK
115964117872,120259085168,PARAMETER_LINK
115964117873,120259085169,PARAMETER_LINK
115964117874,120259085170,PARAMETER_LINK
115964117875,120259085171,PARAMETER_LINK
115964117876,120259085172,PARAMETER_LINK
115964117877,120259085173,PARAMETER_LINK
115964117878,120259085174,PARAMETER_LINK
115964117879,120259085175,PARAMETER_LINK
115964117880,120259085176,PARAMETER_LINK
115964117881,120259085177,PARAMETER_LINK
115964117882,120259085178,PARAMETER_LINK
115964117883,120259085179,PARAMETER_LINK
115964117884,120259085180,PARAMETER_LINK
115964117885,120259085181,PARAMETER_LINK
115964117886,120259085182,PARAMETER_LINK
115964117887,120259085183,PARAMETER_LINK
115964117888,120259085184,PARAMETER_LINK
115964117889,120259085185,PARAMETER_LINK
115964117890,120259085186,PARAMETER_LINK
115964117891,120259085187,PARAMETER_LINK
115964117892,120259085188,PARAMETER_LINK
115964117893,120259085189,PARAMETER_LINK
115964117894,120259085190,PARAMETER_LINK
115964117895,120259085191,PARAMETER_LINK
115964117896,120259085192,PARAMETER_LINK
115964117897,120259085193,PARAMETER_LINK
115964117898,120259085194,PARAMETER_LINK
115964117899,120259085195,PARAMETER_LINK
115964117900,120259085196,PARAMETER_LINK
115964117901,120259085197,PARAMETER_LINK
115964117902,120259085198,PARAMETER_LINK
115964117903,120259085199,PARAMETER_LINK
115964117904,120259085200,PARAMETER_LINK
115964117905,120259085201,PARAMETER_LINK
115964117906,120259085202,PARAMETER_LINK
115964117907,120259085203,PARAMETER_LINK
115964117908,120259085204,PARAMETER_LINK
115964117909,120259085205,PARAMETER_LINK
115964117910,120259085206,PARAMETER_LINK
115964117911,120259085207,PARAMETER_LINK
115964117912,120259085208,PARAMETER_LINK
115964117913,120259085209,PARAMETER_LINK
115964117914,120259085210,PARAMETER_LINK
115964117915,120259085211,PARAMETER_LINK
115964117916,120259085212,PARAMETER_LINK
115964117917,120259085213,PARAMETER_LINK
115964117918,120259085214,PARAMETER_LINK
115964117919,120259085215,PARAMETER_LINK
115964117920,120259085216,PARAMETER_LINK
115964117921,120259085217,PARAMETER_LINK
115964117922,120259085218,PARAMETER_LINK
115964117923,120259085219,PARAMETER_LINK
115964117924,120259085220,PARAMETER_LINK
115964117925,120259085221,PARAMETER_LINK
115964117926,120259085222,PARAMETER_LINK
115964117927,120259085223,PARAMETER_LINK
115964117928,120259085224,PARAMETER_LINK
115964117929,120259085225,PARAMETER_LINK
115964117930,120259085226,PARAMETER_LINK
115964117931,120259085227,PARAMETER_LINK
115964117932,120259085228,PARAMETER_LINK
115964117933,120259085229,PARAMETER_LINK
115964117934,120259085230,PARAMETER_LINK
115964117935,120259085231,PARAMETER_LINK
115964117936,120259085232,PARAMETER_LINK
115964117937,120259085233,PARAMETER_LINK
115964117938,120259085234,PARAMETER_LINK
115964117939,120259085235,PARAMETER_LINK
115964117940,120259085236,PARAMETER_LINK
115964117941,120259085237,PARAMETER_LINK
115964117942,120259085238,PARAMETER_LINK
115964117943,120259085239,PARAMETER_LINK
115964117944,120259085240,PARAMETER_LINK
115964117945,120259085241,PARAMETER_LINK
115964117946,120259085242,PARAMETER_LINK
115964117947,120259085243,PARAMETER_LINK
115964117948,120259085244,PARAMETER_LINK
115964117949,120259085245,PARAMETER_LINK
115964117950,120259085246,PARAMETER_LINK
115964117951,120259085247,PARAMETER_LINK
115964117952,120259085248,PARAMETER_LINK
115964117953,120259085249,PARAMETER_LINK
115964117954,120259085250,PARAMETER_LINK
115964117955,120259085251,PARAMETER_LINK
115964117956,120259085252,PARAMETER_LINK
115964117957,120259085253,PARAMETER_LINK
115964117958,120259085254,PARAMETER_LINK
115964117959,120259085255,PARAMETER_LINK
115964117960,120259085256,PARAMETER_LINK
115964117961,120259085257,PARAMETER_LINK
115964117962,120259085258,PARAMETER_LINK
115964117963,120259085259,PARAMETER_LINK
115964117964,120259085260,PARAMETER_LINK
115964117965,120259085261,PARAMETER_LINK
115964117966,120259085262,PARAMETER_LINK
115964117967,120259085263,PARAMETER_LINK
115964117968,120259085264,PARAMETER_LINK
115964117969,120259085265,PARAMETER_LINK
115964117970,120259085266,PARAMETER_LINK
115964117971,120259085267,PARAMETER_LINK
115964117972,120259085268,PARAMETER_LINK
115964117973,120259085269,PARAMETER_LINK
115964117974,120259085270,PARAMETER_LINK
115964117975,120259085271,PARAMETER_LINK
115964117976,120259085272,PARAMETER_LINK
115964117977,120259085273,PARAMETER_LINK
115964117978,120259085274,PARAMETER_LINK
115964117979,120259085275,PARAMETER_LINK
115964117980,120259085276,PARAMETER_LINK
115964117981,120259085277,PARAMETER_LINK
115964117982,120259085278,PARAMETER_LINK
115964117983,120259085279,PARAMETER_LINK
115964117984,120259085280,PARAMETER_LINK
115964117985,120259085281,PARAMETER_LINK
115964117986,120259085282,PARAMETER_LINK
115964117987,120259085283,PARAMETER_LINK
115964117988,120259085284,PARAMETER_LINK
115964117989,120259085285,PARAMETER_LINK
115964117990,120259085286,PARAMETER_LINK
115964117991,120259085287,PARAMETER_LINK
115964117992,120259085288,PARAMETER_LINK
115964117993,120259085289,PARAMETER_LINK
115964117994,120259085290,PARAMETER_LINK
115964117995,120259085291,PARAMETER_LINK
115964117996,120259085292,PARAMETER_LINK
115964117997,120259085293,PARAMETER_LINK
115964117998,120259085294,PARAMETER_LINK
115964117999,120259085295,PARAMETER_LINK
115964118000,120259085296,PARAMETER_LINK
115964118001,120259085297,PARAMETER_LINK
115964118002,120259085298,PARAMETER_LINK
115964118003,120259085299,PARAMETER_LINK
115964118004,120259085300,PARAMETER_LINK
115964118005,120259085301,PARAMETER_LINK
115964118006,120259085302,PARAMETER_LINK
115964118007,120259085303,PARAMETER_LINK
115964118008,120259085304,PARAMETER_LINK
115964118009,120259085305,PARAMETER_LINK
115964118010,120259085306,PARAMETER_LINK
115964118011,120259085307,PARAMETER_LINK
115964118012,120259085308,PARAMETER_LINK
115964118013,120259085309,PARAMETER_LINK
115964118014,120259085310,PARAMETER_LINK
115964118015,120259085311,PARAMETER_LINK
115964118016,120259085312,PARAMETER_LINK
115964118017,120259085313,PARAMETER_LINK
115964118018,120259085314,PARAMETER_LINK
115964118019,120259085315,PARAMETER_LINK
115964118020,120259085316,PARAMETER_LINK
115964118021,120259085317,PARAMETER_LINK
115964118022,120259085318,PARAMETER_LINK
115964118023,120259085319,PARAMETER_LINK
115964118024,120259085320,PARAMETER_LINK
115964118025,120259085321,PARAMETER_LINK
115964118026,120259085322,PARAMETER_LINK
115964118027,120259085323,PARAMETER_LINK
115964118028,120259085324,PARAMETER_LINK
115964118029,120259085325,PARAMETER_LINK
115964118030,120259085326,PARAMETER_LINK
115964118031,120259085327,PARAMETER_LINK
115964118032,120259085328,PARAMETER_LINK
115964118033,120259085329,PARAMETER_LINK
115964118034,120259085330,PARAMETER_LINK
115964118035,120259085331,PARAMETER_LINK
115964118036,120259085332,PARAMETER_LINK
115964118037,120259085333,PARAMETER_LINK
115964118038,120259085334,PARAMETER_LINK
115964118039,120259085335,PARAMETER_LINK
115964118040,120259085336,PARAMETER_LINK
115964118041,120259085337,PARAMETER_LINK
115964118042,120259085338,PARAMETER_LINK
115964118043,120259085339,PARAMETER_LINK
115964118044,120259085340,PARAMETER_LINK
115964118045,120259085341,PARAMETER_LINK
115964118046,120259085342,PARAMETER_LINK
115964118047,120259085343,PARAMETER_LINK
115964118048,120259085344,PARAMETER_LINK
115964118049,120259085345,PARAMETER_LINK
115964118050,120259085346,PARAMETER_LINK
115964118051,120259085347,PARAMETER_LINK
115964118052,120259085348,PARAMETER_LINK
115964118053,120259085349,PARAMETER_LINK
115964118054,120259085350,PARAMETER_LINK
115964118055,120259085351,PARAMETER_LINK
115964118056,120259085352,PARAMETER_LINK
115964118057,120259085353,PARAMETER_LINK
115964118058,120259085354,PARAMETER_LINK
115964118059,120259085355,PARAMETER_LINK
115964118060,120259085356,PARAMETER_LINK
115964118061,120259085357,PARAMETER_LINK
115964118062,120259085358,PARAMETER_LINK
115964118063,120259085359,PARAMETER_LINK
115964118064,120259085360,PARAMETER_LINK
115964118065,120259085361,PARAMETER_LINK
115964118066,120259085362,PARAMETER_LINK
115964118067,120259085363,PARAMETER_LINK
115964118068,120259085364,PARAMETER_LINK
115964118069,120259085365,PARAMETER_LINK
115964118070,120259085366,PARAMETER_LINK
115964118071,120259085367,PARAMETER_LINK
115964118072,120259085368,PARAMETER_LINK
115964118073,120259085369,PARAMETER_LINK
115964118074,120259085370,PARAMETER_LINK
115964118075,120259085371,PARAMETER_LINK
115964118076,120259085372,PARAMETER_LINK
115964118077,120259085373,PARAMETER_LINK
115964118078,120259085374,PARAMETER_LINK
115964118079,120259085375,PARAMETER_LINK
115964118080,120259085376,PARAMETER_LINK
115964118081,120259085377,PARAMETER_LINK
115964118082,120259085378,PARAMETER_LINK
115964118083,120259085379,PARAMETER_LINK
115964118084,120259085380,PARAMETER_LINK
115964118085,120259085381,PARAMETER_LINK
115964118086,120259085382,PARAMETER_LINK
115964118087,120259085383,PARAMETER_LINK
115964118088,120259085384,PARAMETER_LINK
115964118089,120259085385,PARAMETER_LINK
115964118090,120259085386,PARAMETER_LINK
115964118091,120259085387,PARAMETER_LINK
115964118092,120259085388,PARAMETER_LINK
115964118093,120259085389,PARAMETER_LINK
115964118094,120259085390,PARAMETER_LINK
115964118095,120259085391,PARAMETER_LINK
115964118096,120259085392,PARAMETER_LINK
115964118097,120259085393,PARAMETER_LINK
115964118098,120259085394,PARAMETER_LINK
115964118099,120259085395,PARAMETER_LINK
115964118100,120259085396,PARAMETER_LINK
115964118101,120259085397,PARAMETER_LINK
115964118102,120259085398,PARAMETER_LINK
115964118103,120259085399,PARAMETER_LINK
115964118104,120259085400,PARAMETER_LINK
115964118105,120259085401,PARAMETER_LINK
115964118106,120259085402,PARAMETER_LINK
115964118107,120259085403,PARAMETER_LINK
115964118108,120259085404,PARAMETER_LINK
115964118109,120259085405,PARAMETER_LINK
115964118110,120259085406,PARAMETER_LINK
115964118111,120259085407,PARAMETER_LINK
115964118112,120259085408,PARAMETER_LINK
115964118113,120259085409,PARAMETER_LINK
115964118114,120259085410,PARAMETER_LINK
115964118115,120259085411,PARAMETER_LINK
115964118116,120259085412,PARAMETER_LINK
115964118117,120259085413,PARAMETER_LINK
115964118118,120259085414,PARAMETER_LINK
115964118119,120259085415,PARAMETER_LINK
115964118120,120259085416,PARAMETER_LINK
115964118121,120259085417,PARAMETER_LINK
115964118122,120259085418,PARAMETER_LINK
115964118123,120259085419,PARAMETER_LINK
115964118124,120259085420,PARAMETER_LINK
115964118125,120259085421,PARAMETER_LINK
115964118126,120259085422,PARAMETER_LINK
115964118127,120259085423,PARAMETER_LINK
115964118128,120259085424,PARAMETER_LINK
115964118129,120259085425,PARAMETER_LINK
115964118130,120259085426,PARAMETER_LINK
115964118131,120259085427,PARAMETER_LINK
115964118132,120259085428,PARAMETER_LINK
115964118133,120259085429,PARAMETER_LINK
115964118134,120259085430,PARAMETER_LINK
115964118135,120259085431,PARAMETER_LINK
115964118136,120259085432,PARAMETER_LINK
115964118137,120259085433,PARAMETER_LINK
115964118138,120259085434,PARAMETER_LINK
115964118139,120259085435,PARAMETER_LINK
115964118140,120259085436,PARAMETER_LINK
115964118141,120259085437,PARAMETER_LINK
115964118142,120259085438,PARAMETER_LINK
115964118143,120259085439,PARAMETER_LINK
115964118144,120259085440,PARAMETER_LINK
115964118145,120259085441,PARAMETER_LINK
115964118146,120259085442,PARAMETER_LINK
115964118147,120259085443,PARAMETER_LINK
115964118148,120259085444,PARAMETER_LINK
115964118149,120259085445,PARAMETER_LINK
115964118150,120259085446,PARAMETER_LINK
115964118151,120259085447,PARAMETER_LINK
115964118152,120259085448,PARAMETER_LINK
115964118153,120259085449,PARAMETER_LINK
115964118154,120259085450,PARAMETER_LINK
115964118155,120259085451,PARAMETER_LINK
115964118156,120259085452,PARAMETER_LINK
115964118157,120259085453,PARAMETER_LINK
115964118158,120259085454,PARAMETER_LINK
115964118159,120259085455,PARAMETER_LINK
115964118160,120259085456,PARAMETER_LINK
115964118161,120259085457,PARAMETER_LINK
115964118162,120259085458,PARAMETER_LINK
115964118163,120259085459,PARAMETER_LINK
115964118164,120259085460,PARAMETER_LINK
115964118165,120259085461,PARAMETER_LINK
115964118166,120259085462,PARAMETER_LINK
115964118167,120259085463,PARAMETER_LINK
115964118168,120259085464,PARAMETER_LINK
115964118169,120259085465,PARAMETER_LINK
115964118170,120259085466,PARAMETER_LINK
115964118171,120259085467,PARAMETER_LINK
115964118172,120259085468,PARAMETER_LINK
115964118173,120259085469,PARAMETER_LINK
115964118174,120259085470,PARAMETER_LINK
115964118175,120259085471,PARAMETER_LINK
115964118176,120259085472,PARAMETER_LINK
115964118177,120259085473,PARAMETER_LINK
115964118178,120259085474,PARAMETER_LINK
115964118179,120259085475,PARAMETER_LINK
115964118180,120259085476,PARAMETER_LINK
115964118181,120259085477,PARAMETER_LINK
115964118182,120259085478,PARAMETER_LINK
115964118183,120259085479,PARAMETER_LINK
115964118184,120259085480,PARAMETER_LINK
115964118185,120259085481,PARAMETER_LINK
115964118186,120259085482,PARAMETER_LINK
115964118187,120259085483,PARAMETER_LINK
115964118188,120259085484,PARAMETER_LINK
115964118189,120259085485,PARAMETER_LINK
115964118190,120259085486,PARAMETER_LINK
115964118191,120259085487,PARAMETER_LINK
115964118192,120259085488,PARAMETER_LINK
115964118193,120259085489,PARAMETER_LINK
115964118194,120259085490,PARAMETER_LINK
115964118195,120259085491,PARAMETER_LINK
115964118196,120259085492,PARAMETER_LINK
115964118197,120259085493,PARAMETER_LINK
115964118198,120259085494,PARAMETER_LINK
115964118199,120259085495,PARAMETER_LINK
115964118200,120259085496,PARAMETER_LINK
115964118201,120259085497,PARAMETER_LINK
115964118202,120259085498,PARAMETER_LINK
115964118203,120259085499,PARAMETER_LINK
115964118204,120259085500,PARAMETER_LINK
115964118205,120259085501,PARAMETER_LINK
115964118206,120259085502,PARAMETER_LINK
115964118207,120259085503,PARAMETER_LINK
115964118208,120259085504,PARAMETER_LINK
115964118209,120259085505,PARAMETER_LINK
115964118210,120259085506,PARAMETER_LINK
115964118211,120259085507,PARAMETER_LINK
115964118212,120259085508,PARAMETER_LINK
115964118213,120259085509,PARAMETER_LINK
115964118214,120259085510,PARAMETER_LINK
115964118215,120259085511,PARAMETER_LINK
115964118216,120259085512,PARAMETER_LINK
115964118217,120259085513,PARAMETER_LINK
115964118218,120259085514,PARAMETER_LINK
115964118219,120259085515,PARAMETER_LINK
115964118220,120259085516,PARAMETER_LINK
115964118221,120259085517,PARAMETER_LINK
115964118222,120259085518,PARAMETER_LINK
115964118223,120259085519,PARAMETER_LINK
115964118224,120259085520,PARAMETER_LINK
115964118225,120259085521,PARAMETER_LINK
115964118226,120259085522,PARAMETER_LINK
115964118227,120259085523,PARAMETER_LINK
115964118228,120259085524,PARAMETER_LINK
115964118229,120259085525,PARAMETER_LINK
115964118230,120259085526,PARAMETER_LINK
115964118231,120259085527,PARAMETER_LINK
115964118232,120259085528,PARAMETER_LINK
115964118233,120259085529,PARAMETER_LINK
115964118234,120259085530,PARAMETER_LINK
115964118235,120259085531,PARAMETER_LINK
115964118236,120259085532,PARAMETER_LINK
115964118237,120259085533,PARAMETER_LINK
115964118238,120259085534,PARAMETER_LINK
115964118239,120259085535,PARAMETER_LINK
115964118240,120259085536,PARAMETER_LINK
115964118241,120259085537,PARAMETER_LINK
115964118242,120259085538,PARAMETER_LINK
115964118243,120259085539,PARAMETER_LINK
115964118244,120259085540,PARAMETER_LINK
115964118245,120259085541,PARAMETER_LINK
115964118246,120259085542,PARAMETER_LINK
115964118247,120259085543,PARAMETER_LINK
115964118248,120259085544,PARAMETER_LINK
115964118249,120259085545,PARAMETER_LINK
115964118250,120259085546,PARAMETER_LINK
115964118251,120259085547,PARAMETER_LINK
115964118252,120259085548,PARAMETER_LINK
115964118253,120259085549,PARAMETER_LINK
115964118254,120259085550,PARAMETER_LINK
115964118255,120259085551,PARAMETER_LINK
115964118256,120259085552,PARAMETER_LINK
115964118257,120259085553,PARAMETER_LINK
115964118258,120259085554,PARAMETER_LINK
115964118259,120259085555,PARAMETER_LINK
115964118260,120259085556,PARAMETER_LINK
115964118261,120259085557,PARAMETER_LINK
115964118262,120259085558,PARAMETER_LINK
115964118263,120259085559,PARAMETER_LINK
115964118264,120259085560,PARAMETER_LINK
115964118265,120259085561,PARAMETER_LINK
115964118266,120259085562,PARAMETER_LINK
115964118267,120259085563,PARAMETER_LINK
115964118268,120259085564,PARAMETER_LINK
115964118269,120259085565,PARAMETER_LINK
115964118270,120259085566,PARAMETER_LINK
115964118271,120259085567,PARAMETER_LINK
115964118272,120259085568,PARAMETER_LINK
115964118273,120259085569,PARAMETER_LINK
115964118274,120259085570,PARAMETER_LINK
115964118275,120259085571,PARAMETER_LINK
115964118276,120259085572,PARAMETER_LINK
115964118277,120259085573,PARAMETER_LINK
115964118278,120259085574,PARAMETER_LINK
115964118279,120259085575,PARAMETER_LINK
115964118280,120259085576,PARAMETER_LINK
115964118281,120259085577,PARAMETER_LINK
115964118282,120259085578,PARAMETER_LINK
115964118283,120259085579,PARAMETER_LINK
115964118284,120259085580,PARAMETER_LINK
115964118285,120259085581,PARAMETER_LINK
115964118286,120259085582,PARAMETER_LINK
115964118287,120259085583,PARAMETER_LINK
115964118288,120259085584,PARAMETER_LINK
115964118289,120259085585,PARAMETER_LINK
115964118290,120259085586,PARAMETER_LINK
115964118291,120259085587,PARAMETER_LINK
115964118292,120259085588,PARAMETER_LINK
115964118293,120259085589,PARAMETER_LINK
115964118294,120259085590,PARAMETER_LINK
115964118295,120259085591,PARAMETER_LINK
115964118296,120259085592,PARAMETER_LINK
115964118297,120259085593,PARAMETER_LINK
115964118298,120259085594,PARAMETER_LINK
115964118299,120259085595,PARAMETER_LINK
115964118300,120259085596,PARAMETER_LINK
115964118301,120259085597,PARAMETER_LINK
115964118302,120259085598,PARAMETER_LINK
115964118303,120259085599,PARAMETER_LINK
115964118304,120259085600,PARAMETER_LINK
115964118305,120259085601,PARAMETER_LINK
115964118306,120259085602,PARAMETER_LINK
115964118307,120259085603,PARAMETER_LINK
115964118308,120259085604,PARAMETER_LINK
115964118309,120259085605,PARAMETER_LINK
115964118310,120259085606,PARAMETER_LINK
115964118311,120259085607,PARAMETER_LINK
115964118312,120259085608,PARAMETER_LINK
115964118313,120259085609,PARAMETER_LINK
115964118314,120259085610,PARAMETER_LINK
115964118315,120259085611,PARAMETER_LINK
115964118316,120259085612,PARAMETER_LINK
115964118317,120259085613,PARAMETER_LINK
115964118318,120259085614,PARAMETER_LINK
115964118319,120259085615,PARAMETER_LINK
115964118320,120259085616,PARAMETER_LINK
115964118321,120259085617,PARAMETER_LINK
115964118322,120259085618,PARAMETER_LINK
115964118323,120259085619,PARAMETER_LINK
115964118324,120259085620,PARAMETER_LINK
115964118325,120259085621,PARAMETER_LINK
115964118326,120259085622,PARAMETER_LINK
115964118327,120259085623,PARAMETER_LINK
115964118328,120259085624,PARAMETER_LINK
115964118329,120259085625,PARAMETER_LINK
115964118330,120259085626,PARAMETER_LINK
115964118331,120259085627,PARAMETER_LINK
115964118332,120259085628,PARAMETER_LINK
115964118333,120259085629,PARAMETER_LINK
115964118334,120259085630,PARAMETER_LINK
115964118335,120259085631,PARAMETER_LINK
115964118336,120259085632,PARAMETER_LINK
115964118337,120259085633,PARAMETER_LINK
115964118338,120259085634,PARAMETER_LINK
115964118339,120259085635,PARAMETER_LINK
115964118340,120259085636,PARAMETER_LINK
115964118341,120259085637,PARAMETER_LINK
115964118342,120259085638,PARAMETER_LINK
115964118343,120259085639,PARAMETER_LINK
115964118344,120259085640,PARAMETER_LINK
115964118345,120259085641,PARAMETER_LINK
115964118346,120259085642,PARAMETER_LINK
115964118347,120259085643,PARAMETER_LINK
115964118348,120259085644,PARAMETER_LINK
115964118349,120259085645,PARAMETER_LINK
115964118350,120259085646,PARAMETER_LINK
115964118351,120259085647,PARAMETER_LINK
115964118352,120259085648,PARAMETER_LINK
115964118353,120259085649,PARAMETER_LINK
115964118354,120259085650,PARAMETER_LINK
115964118355,120259085651,PARAMETER_LINK
115964118356,120259085652,PARAMETER_LINK
115964118357,120259085653,PARAMETER_LINK
115964118358,120259085654,PARAMETER_LINK
115964118359,120259085655,PARAMETER_LINK
115964118360,120259085656,PARAMETER_LINK
115964118361,120259085657,PARAMETER_LINK
115964118362,120259085658,PARAMETER_LINK
115964118363,120259085659,PARAMETER_LINK
115964118364,120259085660,PARAMETER_LINK
115964118365,120259085661,PARAMETER_LINK
115964118366,120259085662,PARAMETER_LINK
115964118367,120259085663,PARAMETER_LINK
115964118368,120259085664,PARAMETER_LINK
115964118369,120259085665,PARAMETER_LINK
115964118370,120259085666,PARAMETER_LINK
115964118371,120259085667,PARAMETER_LINK
115964118372,120259085668,PARAMETER_LINK
115964118373,120259085669,PARAMETER_LINK
115964118374,120259085670,PARAMETER_LINK
115964118375,120259085671,PARAMETER_LINK
115964118376,120259085672,PARAMETER_LINK
115964118377,120259085673,PARAMETER_LINK
115964118378,120259085674,PARAMETER_LINK
115964118379,120259085675,PARAMETER_LINK
115964118380,120259085676,PARAMETER_LINK
115964118381,120259085677,PARAMETER_LINK
115964118382,120259085678,PARAMETER_LINK
115964118383,120259085679,PARAMETER_LINK
115964118384,120259085680,PARAMETER_LINK
115964118385,120259085681,PARAMETER_LINK
115964118386,120259085682,PARAMETER_LINK
115964118387,120259085683,PARAMETER_LINK
115964118388,120259085684,PARAMETER_LINK
115964118389,120259085685,PARAMETER_LINK
115964118390,120259085686,PARAMETER_LINK
115964118391,120259085687,PARAMETER_LINK
115964118392,120259085688,PARAMETER_LINK
115964118393,120259085689,PARAMETER_LINK
115964118394,120259085690,PARAMETER_LINK
115964118395,120259085691,PARAMETER_LINK
115964118396,120259085692,PARAMETER_LINK
115964118397,120259085693,PARAMETER_LINK
115964118398,120259085694,PARAMETER_LINK
115964118399,120259085695,PARAMETER_LINK
115964118400,120259085696,PARAMETER_LINK
115964118401,120259085697,PARAMETER_LINK
115964118402,120259085698,PARAMETER_LINK
115964118403,120259085699,PARAMETER_LINK
115964118404,120259085700,PARAMETER_LINK
115964118405,120259085701,PARAMETER_LINK
115964118406,120259085702,PARAMETER_LINK
115964118407,120259085703,PARAMETER_LINK
115964118408,120259085704,PARAMETER_LINK
115964118409,120259085705,PARAMETER_LINK
115964118410,120259085706,PARAMETER_LINK
115964118411,120259085707,PARAMETER_LINK
115964118412,120259085708,PARAMETER_LINK
115964118413,120259085709,PARAMETER_LINK
115964118414,120259085710,PARAMETER_LINK
115964118415,120259085711,PARAMETER_LINK
115964118416,120259085712,PARAMETER_LINK
115964118417,120259085713,PARAMETER_LINK
115964118418,120259085714,PARAMETER_LINK
115964118419,120259085715,PARAMETER_LINK
115964118420,120259085716,PARAMETER_LINK
115964118421,120259085717,PARAMETER_LINK
115964118422,120259085718,PARAMETER_LINK
115964118423,120259085719,PARAMETER_LINK
115964118424,120259085720,PARAMETER_LINK
115964118425,120259085721,PARAMETER_LINK
115964118426,120259085722,PARAMETER_LINK
115964118427,120259085723,PARAMETER_LINK
115964118428,120259085724,PARAMETER_LINK
115964118429,120259085725,PARAMETER_LINK
115964118430,120259085726,PARAMETER_LINK
115964118431,120259085727,PARAMETER_LINK
115964118432,120259085728,PARAMETER_LINK
115964118433,120259085729,PARAMETER_LINK
115964118434,120259085730,PARAMETER_LINK
115964118435,120259085731,PARAMETER_LINK
115964118436,120259085732,PARAMETER_LINK
115964118437,120259085733,PARAMETER_LINK
115964118438,120259085734,PARAMETER_LINK
115964118439,120259085735,PARAMETER_LINK
115964118440,120259085736,PARAMETER_LINK
115964118441,120259085737,PARAMETER_LINK
115964118442,120259085738,PARAMETER_LINK
115964118443,120259085739,PARAMETER_LINK
115964118444,120259085740,PARAMETER_LINK
115964118445,120259085741,PARAMETER_LINK
115964118446,120259085742,PARAMETER_LINK
115964118447,120259085743,PARAMETER_LINK
115964118448,120259085744,PARAMETER_LINK
115964118449,120259085745,PARAMETER_LINK
115964118450,120259085746,PARAMETER_LINK
115964118451,120259085747,PARAMETER_LINK
115964118452,120259085748,PARAMETER_LINK
115964118453,120259085749,PARAMETER_LINK
115964118454,120259085750,PARAMETER_LINK
115964118455,120259085751,PARAMETER_LINK
115964118456,120259085752,PARAMETER_LINK
115964118457,120259085753,PARAMETER_LINK
115964118458,120259085754,PARAMETER_LINK
115964118459,120259085755,PARAMETER_LINK
115964118460,120259085756,PARAMETER_LINK
115964118461,120259085757,PARAMETER_LINK
115964118462,120259085758,PARAMETER_LINK
115964118463,120259085759,PARAMETER_LINK
115964118464,120259085760,PARAMETER_LINK
115964118465,120259085761,PARAMETER_LINK
115964118466,120259085762,PARAMETER_LINK
115964118467,120259085763,PARAMETER_LINK
115964118468,120259085764,PARAMETER_LINK
115964118469,120259085765,PARAMETER_LINK
115964118470,120259085766,PARAMETER_LINK
115964118471,120259085767,PARAMETER_LINK
115964118472,120259085768,PARAMETER_LINK
115964118473,120259085769,PARAMETER_LINK
115964118474,120259085770,PARAMETER_LINK
115964118475,120259085771,PARAMETER_LINK
115964118476,120259085772,PARAMETER_LINK
115964118477,120259085773,PARAMETER_LINK
115964118478,120259085774,PARAMETER_LINK
115964118479,120259085775,PARAMETER_LINK
115964118480,120259085776,PARAMETER_LINK
115964118481,120259085777,PARAMETER_LINK
115964118482,120259085778,PARAMETER_LINK
115964118483,120259085779,PARAMETER_LINK
115964118484,120259085780,PARAMETER_LINK
115964118485,120259085781,PARAMETER_LINK
115964118486,120259085782,PARAMETER_LINK
115964118487,120259085783,PARAMETER_LINK
115964118488,120259085784,PARAMETER_LINK
115964118489,120259085785,PARAMETER_LINK
115964118490,120259085786,PARAMETER_LINK
115964118491,120259085787,PARAMETER_LINK
115964118492,120259085788,PARAMETER_LINK
115964118493,120259085789,PARAMETER_LINK
115964118494,120259085790,PARAMETER_LINK
115964118495,120259085791,PARAMETER_LINK
115964118496,120259085792,PARAMETER_LINK
115964118497,120259085793,PARAMETER_LINK
115964118498,120259085794,PARAMETER_LINK
115964118499,120259085795,PARAMETER_LINK
115964118500,120259085796,PARAMETER_LINK
115964118501,120259085797,PARAMETER_LINK
115964118502,120259085798,PARAMETER_LINK
115964118503,120259085799,PARAMETER_LINK
115964118504,120259085800,PARAMETER_LINK
115964118505,120259085801,PARAMETER_LINK
115964118506,120259085802,PARAMETER_LINK
115964118507,120259085803,PARAMETER_LINK
115964118508,120259085804,PARAMETER_LINK
115964118509,120259085805,PARAMETER_LINK
115964118510,120259085806,PARAMETER_LINK
115964118511,120259085807,PARAMETER_LINK
115964118512,120259085808,PARAMETER_LINK
115964118513,120259085809,PARAMETER_LINK
115964118514,120259085810,PARAMETER_LINK
115964118515,120259085811,PARAMETER_LINK
115964118516,120259085812,PARAMETER_LINK
115964118517,120259085813,PARAMETER_LINK
115964118518,120259085814,PARAMETER_LINK
115964118519,120259085815,PARAMETER_LINK
115964118520,120259085816,PARAMETER_LINK
115964118521,120259085817,PARAMETER_LINK
115964118522,120259085818,PARAMETER_LINK
115964118523,120259085819,PARAMETER_LINK
115964118524,120259085820,PARAMETER_LINK
115964118525,120259085821,PARAMETER_LINK
115964118526,120259085822,PARAMETER_LINK
115964118527,120259085823,PARAMETER_LINK
115964118528,120259085824,PARAMETER_LINK
115964118529,120259085825,PARAMETER_LINK
115964118530,120259085826,PARAMETER_LINK
115964118531,120259085827,PARAMETER_LINK
115964118532,120259085828,PARAMETER_LINK
115964118533,120259085829,PARAMETER_LINK
115964118534,120259085830,PARAMETER_LINK
115964118535,120259085831,PARAMETER_LINK
115964118536,120259085832,PARAMETER_LINK
115964118537,120259085833,PARAMETER_LINK
115964118538,120259085834,PARAMETER_LINK
115964118539,120259085835,PARAMETER_LINK
115964118540,120259085836,PARAMETER_LINK
115964118541,120259085837,PARAMETER_LINK
115964118542,120259085838,PARAMETER_LINK
115964118543,120259085839,PARAMETER_LINK
115964118544,120259085840,PARAMETER_LINK
115964118545,120259085841,PARAMETER_LINK
115964118546,120259085842,PARAMETER_LINK
115964118547,120259085843,PARAMETER_LINK
115964118548,120259085844,PARAMETER_LINK
115964118549,120259085845,PARAMETER_LINK
115964118550,120259085846,PARAMETER_LINK
115964118551,120259085847,PARAMETER_LINK
115964118552,120259085848,PARAMETER_LINK
115964118553,120259085849,PARAMETER_LINK
115964118554,120259085850,PARAMETER_LINK
115964118555,120259085851,PARAMETER_LINK
115964118556,120259085852,PARAMETER_LINK
115964118557,120259085853,PARAMETER_LINK
115964118558,120259085854,PARAMETER_LINK
115964118559,120259085855,PARAMETER_LINK
115964118560,120259085856,PARAMETER_LINK
115964118561,120259085857,PARAMETER_LINK
115964118562,120259085858,PARAMETER_LINK
115964118563,120259085859,PARAMETER_LINK
115964118564,120259085860,PARAMETER_LINK
115964118565,120259085861,PARAMETER_LINK
115964118566,120259085862,PARAMETER_LINK
115964118567,120259085863,PARAMETER_LINK
115964118568,120259085864,PARAMETER_LINK
115964118569,120259085865,PARAMETER_LINK
115964118570,120259085866,PARAMETER_LINK
115964118571,120259085867,PARAMETER_LINK
115964118572,120259085868,PARAMETER_LINK
115964118573,120259085869,PARAMETER_LINK
115964118574,120259085870,PARAMETER_LINK
115964118575,120259085871,PARAMETER_LINK
115964118576,120259085872,PARAMETER_LINK
115964118577,120259085873,PARAMETER_LINK
115964118578,120259085874,PARAMETER_LINK
115964118579,120259085875,PARAMETER_LINK
115964118580,120259085876,PARAMETER_LINK
115964118581,120259085877,PARAMETER_LINK
115964118582,120259085878,PARAMETER_LINK
115964118583,120259085879,PARAMETER_LINK
115964118584,120259085880,PARAMETER_LINK
115964118585,120259085881,PARAMETER_LINK
115964118586,120259085882,PARAMETER_LINK
115964118587,120259085883,PARAMETER_LINK
115964118588,120259085884,PARAMETER_LINK
115964118589,120259085885,PARAMETER_LINK
115964118590,120259085886,PARAMETER_LINK
115964118591,120259085887,PARAMETER_LINK
115964118592,120259085888,PARAMETER_LINK
115964118593,120259085889,PARAMETER_LINK
115964118594,120259085890,PARAMETER_LINK
115964118595,120259085891,PARAMETER_LINK
115964118596,120259085892,PARAMETER_LINK
115964118597,120259085893,PARAMETER_LINK
115964118598,120259085894,PARAMETER_LINK
115964118599,120259085895,PARAMETER_LINK
115964118600,120259085896,PARAMETER_LINK
115964118601,120259085897,PARAMETER_LINK
115964118602,120259085898,PARAMETER_LINK
115964118603,120259085899,PARAMETER_LINK
115964118604,120259085900,PARAMETER_LINK
115964118605,120259085901,PARAMETER_LINK
115964118606,120259085902,PARAMETER_LINK
115964118607,120259085903,PARAMETER_LINK
115964118608,120259085904,PARAMETER_LINK
115964118609,120259085905,PARAMETER_LINK
115964118610,120259085906,PARAMETER_LINK
115964118611,120259085907,PARAMETER_LINK
115964118612,120259085908,PARAMETER_LINK
115964118613,120259085909,PARAMETER_LINK
115964118614,120259085910,PARAMETER_LINK
115964118615,120259085911,PARAMETER_LINK
115964118616,120259085912,PARAMETER_LINK
115964118617,120259085913,PARAMETER_LINK
115964118618,120259085914,PARAMETER_LINK
115964118619,120259085915,PARAMETER_LINK
115964118620,120259085916,PARAMETER_LINK
115964118621,120259085917,PARAMETER_LINK
115964118622,120259085918,PARAMETER_LINK
115964118623,120259085919,PARAMETER_LINK
115964118624,120259085920,PARAMETER_LINK
115964118625,120259085921,PARAMETER_LINK
115964118626,120259085922,PARAMETER_LINK
115964118627,120259085923,PARAMETER_LINK
115964118628,120259085924,PARAMETER_LINK
115964118629,120259085925,PARAMETER_LINK
115964118630,120259085926,PARAMETER_LINK
115964118631,120259085927,PARAMETER_LINK
115964118632,120259085928,PARAMETER_LINK
115964118633,120259085929,PARAMETER_LINK
115964118634,120259085930,PARAMETER_LINK
115964118635,120259085931,PARAMETER_LINK
115964118636,120259085932,PARAMETER_LINK
115964118637,120259085933,PARAMETER_LINK
115964118638,120259085934,PARAMETER_LINK
115964118639,120259085935,PARAMETER_LINK
115964118640,120259085936,PARAMETER_LINK
115964118641,120259085937,PARAMETER_LINK
115964118642,120259085938,PARAMETER_LINK
115964118643,120259085939,PARAMETER_LINK
115964118644,120259085940,PARAMETER_LINK
115964118645,120259085941,PARAMETER_LINK
115964118646,120259085942,PARAMETER_LINK
115964118647,120259085943,PARAMETER_LINK
115964118648,120259085944,PARAMETER_LINK
115964118649,120259085945,PARAMETER_LINK
115964118650,120259085946,PARAMETER_LINK
115964118651,120259085947,PARAMETER_LINK
115964118652,120259085948,PARAMETER_LINK
115964118653,120259085949,PARAMETER_LINK
115964118654,120259085950,PARAMETER_LINK
115964118655,120259085951,PARAMETER_LINK
115964118656,120259085952,PARAMETER_LINK
115964118657,120259085953,PARAMETER_LINK
115964118658,120259085954,PARAMETER_LINK
115964118659,120259085955,PARAMETER_LINK
115964118660,120259085956,PARAMETER_LINK
115964118661,120259085957,PARAMETER_LINK
115964118662,120259085958,PARAMETER_LINK
115964118663,120259085959,PARAMETER_LINK
115964118664,120259085960,PARAMETER_LINK
115964118665,120259085961,PARAMETER_LINK
115964118666,120259085962,PARAMETER_LINK
115964118667,120259085963,PARAMETER_LINK
115964118668,120259085964,PARAMETER_LINK
115964118669,120259085965,PARAMETER_LINK
115964118670,120259085966,PARAMETER_LINK
115964118671,120259085967,PARAMETER_LINK
115964118672,120259085968,PARAMETER_LINK
115964118673,120259085969,PARAMETER_LINK
115964118674,120259085970,PARAMETER_LINK
115964118675,120259085971,PARAMETER_LINK
115964118676,120259085972,PARAMETER_LINK
115964118677,120259085973,PARAMETER_LINK
115964118678,120259085974,PARAMETER_LINK
115964118679,120259085975,PARAMETER_LINK
115964118680,120259085976,PARAMETER_LINK
115964118681,120259085977,PARAMETER_LINK
115964118682,120259085978,PARAMETER_LINK
115964118683,120259085979,PARAMETER_LINK
115964118684,120259085980,PARAMETER_LINK
115964118685,120259085981,PARAMETER_LINK
115964118686,120259085982,PARAMETER_LINK
115964118687,120259085983,PARAMETER_LINK
115964118688,120259085984,PARAMETER_LINK
115964118689,120259085985,PARAMETER_LINK
115964118690,120259085986,PARAMETER_LINK
115964118691,120259085987,PARAMETER_LINK
115964118692,120259085988,PARAMETER_LINK
115964118693,120259085989,PARAMETER_LINK
115964118694,120259085990,PARAMETER_LINK
115964118695,120259085991,PARAMETER_LINK
115964118696,120259085992,PARAMETER_LINK
115964118697,120259085993,PARAMETER_LINK
115964118698,120259085994,PARAMETER_LINK
115964118699,120259085995,PARAMETER_LINK
115964118700,120259085996,PARAMETER_LINK
115964118701,120259085997,PARAMETER_LINK
115964118702,120259085998,PARAMETER_LINK
115964118703,120259085999,PARAMETER_LINK
115964118704,120259086000,PARAMETER_LINK
115964118705,120259086001,PARAMETER_LINK
115964118706,120259086002,PARAMETER_LINK
115964118707,120259086003,PARAMETER_LINK
115964118708,120259086004,PARAMETER_LINK
115964118709,120259086005,PARAMETER_LINK
115964118710,120259086006,PARAMETER_LINK
115964118711,120259086007,PARAMETER_LINK
115964118712,120259086008,PARAMETER_LINK
115964118713,120259086009,PARAMETER_LINK
115964118714,120259086010,PARAMETER_LINK
115964118715,120259086011,PARAMETER_LINK
115964118716,120259086012,PARAMETER_LINK
115964118717,120259086013,PARAMETER_LINK
115964118718,120259086014,PARAMETER_LINK
115964118719,120259086015,PARAMETER_LINK
115964118720,120259086016,PARAMETER_LINK
115964118721,120259086017,PARAMETER_LINK
115964118722,120259086018,PARAMETER_LINK
115964118723,120259086019,PARAMETER_LINK
115964118724,120259086020,PARAMETER_LINK
115964118725,120259086021,PARAMETER_LINK
115964118726,120259086022,PARAMETER_LINK
115964118727,120259086023,PARAMETER_LINK
115964118728,120259086024,PARAMETER_LINK
115964118729,120259086025,PARAMETER_LINK
115964118730,120259086026,PARAMETER_LINK
115964118731,120259086027,PARAMETER_LINK
115964118732,120259086028,PARAMETER_LINK
115964118733,120259086029,PARAMETER_LINK
115964118734,120259086030,PARAMETER_LINK
115964118735,120259086031,PARAMETER_LINK
115964118736,120259086032,PARAMETER_LINK
115964118737,120259086033,PARAMETER_LINK
115964118738,120259086034,PARAMETER_LINK
115964118739,120259086035,PARAMETER_LINK
115964118740,120259086036,PARAMETER_LINK
115964118741,120259086037,PARAMETER_LINK
115964118742,120259086038,PARAMETER_LINK
115964118743,120259086039,PARAMETER_LINK
115964118744,120259086040,PARAMETER_LINK
115964118745,120259086041,PARAMETER_LINK
115964118746,120259086042,PARAMETER_LINK
115964118747,120259086043,PARAMETER_LINK
115964118748,120259086044,PARAMETER_LINK
115964118749,120259086045,PARAMETER_LINK
115964118750,120259086046,PARAMETER_LINK
115964118751,120259086047,PARAMETER_LINK
115964118752,120259086048,PARAMETER_LINK
115964118753,120259086049,PARAMETER_LINK
115964118754,120259086050,PARAMETER_LINK
115964118755,120259086051,PARAMETER_LINK
115964118756,120259086052,PARAMETER_LINK
115964118757,120259086053,PARAMETER_LINK
115964118758,120259086054,PARAMETER_LINK
115964118759,120259086055,PARAMETER_LINK
115964118760,120259086056,PARAMETER_LINK
115964118761,120259086057,PARAMETER_LINK
115964118762,120259086058,PARAMETER_LINK
115964118763,120259086059,PARAMETER_LINK
115964118764,120259086060,PARAMETER_LINK
115964118765,120259086061,PARAMETER_LINK
115964118766,120259086062,PARAMETER_LINK
115964118767,120259086063,PARAMETER_LINK
115964118768,120259086064,PARAMETER_LINK
115964118769,120259086065,PARAMETER_LINK
115964118770,120259086066,PARAMETER_LINK
115964118771,120259086067,PARAMETER_LINK
115964118772,120259086068,PARAMETER_LINK
115964118773,120259086069,PARAMETER_LINK
115964118774,120259086070,PARAMETER_LINK
115964118775,120259086071,PARAMETER_LINK
115964118776,120259086072,PARAMETER_LINK
115964118777,120259086073,PARAMETER_LINK
115964118778,120259086074,PARAMETER_LINK
115964118779,120259086075,PARAMETER_LINK
115964118780,120259086076,PARAMETER_LINK
115964118781,120259086077,PARAMETER_LINK
115964118782,120259086078,PARAMETER_LINK
115964118783,120259086079,PARAMETER_LINK
115964118784,120259086080,PARAMETER_LINK
115964118785,120259086081,PARAMETER_LINK
115964118786,120259086082,PARAMETER_LINK
115964118787,120259086083,PARAMETER_LINK
115964118788,120259086084,PARAMETER_LINK
115964118789,120259086085,PARAMETER_LINK
115964118790,120259086086,PARAMETER_LINK
115964118791,120259086087,PARAMETER_LINK
115964118792,120259086088,PARAMETER_LINK
115964118793,120259086089,PARAMETER_LINK
115964118794,120259086090,PARAMETER_LINK
115964118795,120259086091,PARAMETER_LINK
115964118796,120259086092,PARAMETER_LINK
115964118797,120259086093,PARAMETER_LINK
115964118798,120259086094,PARAMETER_LINK
115964118799,120259086095,PARAMETER_LINK
115964118800,120259086096,PARAMETER_LINK
115964118801,120259086097,PARAMETER_LINK
115964118802,120259086098,PARAMETER_LINK
115964118803,120259086099,PARAMETER_LINK
115964118804,120259086100,PARAMETER_LINK
115964118805,120259086101,PARAMETER_LINK
115964118806,120259086102,PARAMETER_LINK
115964118807,120259086103,PARAMETER_LINK
115964118808,120259086104,PARAMETER_LINK
115964118809,120259086105,PARAMETER_LINK
115964118810,120259086106,PARAMETER_LINK
115964118811,120259086107,PARAMETER_LINK
115964118812,120259086108,PARAMETER_LINK
115964118813,120259086109,PARAMETER_LINK
115964118814,120259086110,PARAMETER_LINK
115964118815,120259086111,PARAMETER_LINK
115964118816,120259086112,PARAMETER_LINK
115964118817,120259086113,PARAMETER_LINK
115964118818,120259086114,PARAMETER_LINK
115964118819,120259086115,PARAMETER_LINK
115964118820,120259086116,PARAMETER_LINK
115964118821,120259086117,PARAMETER_LINK
115964118822,120259086118,PARAMETER_LINK
115964118823,120259086119,PARAMETER_LINK
115964118824,120259086120,PARAMETER_LINK
115964118825,120259086121,PARAMETER_LINK
115964118826,120259086122,PARAMETER_LINK
115964118827,120259086123,PARAMETER_LINK
115964118828,120259086124,PARAMETER_LINK
115964118829,120259086125,PARAMETER_LINK
115964118830,120259086126,PARAMETER_LINK
115964118831,120259086127,PARAMETER_LINK
115964118832,120259086128,PARAMETER_LINK
115964118833,120259086129,PARAMETER_LINK
115964118834,120259086130,PARAMETER_LINK
115964118835,120259086131,PARAMETER_LINK
115964118836,120259086132,PARAMETER_LINK
115964118837,120259086133,PARAMETER_LINK
115964118838,120259086134,PARAMETER_LINK
115964118839,120259086135,PARAMETER_LINK
115964118840,120259086136,PARAMETER_LINK
115964118841,120259086137,PARAMETER_LINK
115964118842,120259086138,PARAMETER_LINK
115964118843,120259086139,PARAMETER_LINK
115964118844,120259086140,PARAMETER_LINK
115964118845,120259086141,PARAMETER_LINK
115964118846,120259086142,PARAMETER_LINK
115964118847,120259086143,PARAMETER_LINK
115964118848,120259086144,PARAMETER_LINK
115964118849,120259086145,PARAMETER_LINK
115964118850,120259086146,PARAMETER_LINK
115964118851,120259086147,PARAMETER_LINK
115964118852,120259086148,PARAMETER_LINK
115964118853,120259086149,PARAMETER_LINK
115964118854,120259086150,PARAMETER_LINK
115964118855,120259086151,PARAMETER_LINK
115964118856,120259086152,PARAMETER_LINK
115964118857,120259086153,PARAMETER_LINK
115964118858,120259086154,PARAMETER_LINK
115964118859,120259086155,PARAMETER_LINK
115964118860,120259086156,PARAMETER_LINK
115964118861,120259086157,PARAMETER_LINK
115964118862,120259086158,PARAMETER_LINK
115964118863,120259086159,PARAMETER_LINK
115964118864,120259086160,PARAMETER_LINK
115964118865,120259086161,PARAMETER_LINK
115964118866,120259086162,PARAMETER_LINK
115964118867,120259086163,PARAMETER_LINK
115964118868,120259086164,PARAMETER_LINK
115964118869,120259086165,PARAMETER_LINK
115964118870,120259086166,PARAMETER_LINK
115964118871,120259086167,PARAMETER_LINK
115964118872,120259086168,PARAMETER_LINK
115964118873,120259086169,PARAMETER_LINK
115964118874,120259086170,PARAMETER_LINK
115964118875,120259086171,PARAMETER_LINK
115964118876,120259086172,PARAMETER_LINK
115964118877,120259086173,PARAMETER_LINK
115964118878,120259086174,PARAMETER_LINK
115964118879,120259086175,PARAMETER_LINK
115964118880,120259086176,PARAMETER_LINK
115964118881,120259086177,PARAMETER_LINK
115964118882,120259086178,PARAMETER_LINK
115964118883,120259086179,PARAMETER_LINK
115964118884,120259086180,PARAMETER_LINK
115964118885,120259086181,PARAMETER_LINK
115964118886,120259086182,PARAMETER_LINK
115964118887,120259086183,PARAMETER_LINK
115964118888,120259086184,PARAMETER_LINK
115964118889,120259086185,PARAMETER_LINK
115964118890,120259086186,PARAMETER_LINK
115964118891,120259086187,PARAMETER_LINK
115964118892,120259086188,PARAMETER_LINK
115964118893,120259086189,PARAMETER_LINK
115964118894,120259086190,PARAMETER_LINK
115964118895,120259086191,PARAMETER_LINK
115964118896,120259086192,PARAMETER_LINK
115964118897,120259086193,PARAMETER_LINK
115964118898,120259086194,PARAMETER_LINK
115964118899,120259086195,PARAMETER_LINK
115964118900,120259086196,PARAMETER_LINK
115964118901,120259086197,PARAMETER_LINK
115964118902,120259086198,PARAMETER_LINK
115964118903,120259086199,PARAMETER_LINK
115964118904,120259086200,PARAMETER_LINK
115964118905,120259086201,PARAMETER_LINK
115964118906,120259086202,PARAMETER_LINK
115964118907,120259086203,PARAMETER_LINK
115964118908,120259086204,PARAMETER_LINK
115964118909,120259086205,PARAMETER_LINK
115964118910,120259086206,PARAMETER_LINK
115964118911,120259086207,PARAMETER_LINK
115964118912,120259086208,PARAMETER_LINK
115964118913,120259086209,PARAMETER_LINK
115964118914,120259086210,PARAMETER_LINK
115964118915,120259086211,PARAMETER_LINK
115964118916,120259086212,PARAMETER_LINK
115964118917,120259086213,PARAMETER_LINK
115964118918,120259086214,PARAMETER_LINK
115964118919,120259086215,PARAMETER_LINK
115964118920,120259086216,PARAMETER_LINK
115964118921,120259086217,PARAMETER_LINK
115964118922,120259086218,PARAMETER_LINK
115964118923,120259086219,PARAMETER_LINK
115964118924,120259086220,PARAMETER_LINK
115964118925,120259086221,PARAMETER_LINK
115964118926,120259086222,PARAMETER_LINK
115964118927,120259086223,PARAMETER_LINK
115964118928,120259086224,PARAMETER_LINK
115964118929,120259086225,PARAMETER_LINK
115964118930,120259086226,PARAMETER_LINK
115964118931,120259086227,PARAMETER_LINK
115964118932,120259086228,PARAMETER_LINK
115964118933,120259086229,PARAMETER_LINK
115964118934,120259086230,PARAMETER_LINK
115964118935,120259086231,PARAMETER_LINK
115964118936,120259086232,PARAMETER_LINK
115964118937,120259086233,PARAMETER_LINK
115964118938,120259086234,PARAMETER_LINK
115964118939,120259086235,PARAMETER_LINK
115964118940,120259086236,PARAMETER_LINK
115964118941,120259086237,PARAMETER_LINK
115964118942,120259086238,PARAMETER_LINK
115964118943,120259086239,PARAMETER_LINK
115964118944,120259086240,PARAMETER_LINK
115964118945,120259086241,PARAMETER_LINK
115964118946,120259086242,PARAMETER_LINK
115964118947,120259086243,PARAMETER_LINK
115964118948,120259086244,PARAMETER_LINK
115964118949,120259086245,PARAMETER_LINK
115964118950,120259086246,PARAMETER_LINK
115964118951,120259086247,PARAMETER_LINK
115964118952,120259086248,PARAMETER_LINK
115964118953,120259086249,PARAMETER_LINK
115964118954,120259086250,PARAMETER_LINK
115964118955,120259086251,PARAMETER_LINK
115964118956,120259086252,PARAMETER_LINK
115964118957,120259086253,PARAMETER_LINK
115964118958,120259086254,PARAMETER_LINK
115964118959,120259086255,PARAMETER_LINK
115964118960,120259086256,PARAMETER_LINK
115964118961,120259086257,PARAMETER_LINK
115964118962,120259086258,PARAMETER_LINK
115964118963,120259086259,PARAMETER_LINK
115964118964,120259086260,PARAMETER_LINK
115964118965,120259086261,PARAMETER_LINK
115964118966,120259086262,PARAMETER_LINK
115964118967,120259086263,PARAMETER_LINK
115964118968,120259086264,PARAMETER_LINK
115964118969,120259086265,PARAMETER_LINK
115964118970,120259086266,PARAMETER_LINK
115964118971,120259086267,PARAMETER_LINK
115964118972,120259086268,PARAMETER_LINK
115964118973,120259086269,PARAMETER_LINK
115964118974,120259086270,PARAMETER_LINK
115964118975,120259086271,PARAMETER_LINK
115964118976,120259086272,PARAMETER_LINK
115964118977,120259086273,PARAMETER_LINK
115964118978,120259086274,PARAMETER_LINK
115964118979,120259086275,PARAMETER_LINK
115964118980,120259086276,PARAMETER_LINK
115964118981,120259086277,PARAMETER_LINK
115964118982,120259086278,PARAMETER_LINK
115964118983,120259086279,PARAMETER_LINK
115964118984,120259086280,PARAMETER_LINK
115964118985,120259086281,PARAMETER_LINK
115964118986,120259086282,PARAMETER_LINK
115964118987,120259086283,PARAMETER_LINK
115964118988,120259086284,PARAMETER_LINK
115964118989,120259086285,PARAMETER_LINK
115964118990,120259086286,PARAMETER_LINK
115964118991,120259086287,PARAMETER_LINK
115964118992,120259086288,PARAMETER_LINK
115964118993,120259086289,PARAMETER_LINK
115964118994,120259086290,PARAMETER_LINK
115964118995,120259086291,PARAMETER_LINK
115964118996,120259086292,PARAMETER_LINK
115964118997,120259086293,PARAMETER_LINK
115964118998,120259086294,PARAMETER_LINK
115964118999,120259086295,PARAMETER_LINK
115964119000,120259086296,PARAMETER_LINK
115964119001,120259086297,PARAMETER_LINK
115964119002,120259086298,PARAMETER_LINK
115964119003,120259086299,PARAMETER_LINK
115964119004,120259086300,PARAMETER_LINK
115964119005,120259086301,PARAMETER_LINK
115964119006,120259086302,PARAMETER_LINK
115964119007,120259086303,PARAMETER_LINK
115964119008,120259086304,PARAMETER_LINK
115964119009,120259086305,PARAMETER_LINK
115964119010,120259086306,PARAMETER_LINK
115964119011,120259086307,PARAMETER_LINK
115964119012,120259086308,PARAMETER_LINK
115964119013,120259086309,PARAMETER_LINK
115964119014,120259086310,PARAMETER_LINK
115964119015,120259086311,PARAMETER_LINK
115964119016,120259086312,PARAMETER_LINK
115964119017,120259086313,PARAMETER_LINK
115964119018,120259086314,PARAMETER_LINK
115964119019,120259086315,PARAMETER_LINK
115964119020,120259086316,PARAMETER_LINK
115964119021,120259086317,PARAMETER_LINK
115964119022,120259086318,PARAMETER_LINK
115964119023,120259086319,PARAMETER_LINK
115964119024,120259086320,PARAMETER_LINK
115964119025,120259086321,PARAMETER_LINK
115964119026,120259086322,PARAMETER_LINK
115964119027,120259086323,PARAMETER_LINK
115964119028,120259086324,PARAMETER_LINK
